ts_code,code,portfolio_weight,portfolio_seed_weight,score_seed,source_latest_portfolio,source_latest_scores,source_integrated_thesis,source_router,target_exposure,cash_buffer,price,price_date,price_source,integrated_thesis_score,integrated_thesis_state,primary_event_type,primary_mechanism_group,primary_event_fact_id,primary_reason_chain,mechanism_reason_chain,earnings_reason,earnings_reason_chain,thesis_reason_chain,thesis_gate_stage,thesis_reject_reason,mechanism_primary,router_final_score,router_allow_entry,router_signal_state,event_fact_backed,seed_weight_norm,pred_score_norm,router_score_norm,thesis_score_norm,selection_score,candidate_pool_basis,candidate_tier,industry,valuation_trade_date,pe_pct_1y,pb_pct_1y,ps_pct_1y,pe_pct_industry,pb_pct_industry,ps_pct_industry,crowding_trade_date,turnover_pct_rank,crowding_score,fund_exposure_proxy,northbound_holding_change,margin_balance_change,revision_trade_date,eps_revision_7d,eps_revision_30d,analyst_count,revision_score,backlog_amount,contract_liability,prepayment,capex,valuation_signal_score,revision_signal_score,order_flow_signal_score,event_drive_signal_score,industry_signal_score,liquidity_signal_score,data_activation_score,activation_alpha_family,alpha_family_horizon,alpha_family_capacity,alpha_family_style,alpha_family_objective,alpha_family_risk_budget,alpha_family_default_state,activation_llm_boost,alpha_activation_priority,llm_symbol_favored,llm_symbol_blocked,llm_mechanism_favored,llm_event_favored
688496.SH,688496,0.04,0.04,0.1589009417964695,1.0,1.0,0.0,0.0,0.3,0.7,0.97,20260529,tushare_snapshot,0.0,,,,,,,,,,,,,,,,False,1.0,0.5494225503727753,0.20554984583761562,0.0,0.719772063319734,hard_data_only,F,,2026-05-29,0.0,0.0625,0.0625,0.0,0.003257328990228013,0.029315960912052116,2026-05-29,0.8567017798764983,0.6102919211454123,0.5564237688533528,,,2026-03-06,0.0,0.0,,0.5,,,,,0.9922222222222221,0.0,0.0,0.0,0.0,0.4430078676864694,0.7151272768115734,valuation,medium,high,balanced,valuation_reversion,medium,shadow,0.0,0.5573981031537177,False,False,False,False
601186.SH,601186,0.04,0.04,0.1410350128458847,1.0,1.0,0.0,0.0,0.3,0.7,6.4,20260529,tushare_snapshot,0.0,,,,,,,,,,,,,,,,False,1.0,0.48764856629292014,0.20554984583761562,0.0,0.675711543586262,hard_data_only,F,,2026-05-29,0.375,0.1875,0.1875,0.024691358024691357,0.015873015873015872,0.007874015748031496,2026-05-29,0.07628042135851798,0.2682853238787495,0.9053243685262584,,,2026-03-06,0.0,0.0,,0.5,,,,,0.9856449888208418,0.0,0.0,0.0,0.0,0.3396521776639593,0.6742359776986968,valuation,medium,high,balanced,valuation_reversion,medium,shadow,0.0,0.5243963057927711,False,False,False,False
600030.SH,600030,0.02,0.0,0.2892144519526137,0.0,1.0,0.0,0.0,0.3,0.7,26.05,20260529,tushare_snapshot,0.0,,,,,,,,,,,,,,,,False,0.0,1.0,0.20554984583761562,0.0,0.6340199270862097,hard_data_only,F,,2026-05-29,0.25,0.8125,0.625,0.18,0.68,0.30612244897959184,2026-05-29,0.5036324010170723,0.5178891525601166,0.9635653280029075,,,2026-04-10,3.0,3.0,1.0,1.0,,,,,0.6087052154195011,1.0,0.0,0.0,0.0,0.42456672115955874,0.5737189402523618,revision,swing,mid,balanced,expectation_repricing,medium,live,0.0,0.48875411766915666,False,False,False,False
301139.SZ,301139,0.02,0.0,0.170212866488773,0.0,1.0,0.0,0.0,0.3,0.7,4.31,20260529,tushare_snapshot,0.0,,,,,,,,,,,,,,,,False,0.0,0.5885351348786039,0.20554984583761562,0.0,0.5547001359841319,hard_data_only,F,,2026-05-29,0.0,0.0625,0.0625,0.0,0.0072992700729927005,0.007352941176470588,2026-05-29,0.9936432982201235,0.5925241665560489,0.18408141013992368,,,2026-03-06,0.0,0.0,,0.5,,,,,0.9974452554744526,0.0,0.0,0.0,0.0,0.42580323763281025,0.7118585086135052,valuation,medium,high,balanced,valuation_reversion,medium,shadow,0.0,0.48053984643968833,False,False,False,False
601065.SH,601065,0.04,0.04,0.1629324160057223,1.0,1.0,0.0,0.0,0.3,0.7,7.68,20260529,tushare_snapshot,0.0,,,,,,,,,,,,,,,,False,1.0,0.5633619444176944,0.20554984583761562,0.0,0.6549156334510254,hard_data_only,F,,2026-05-29,0.75,0.125,0.125,0.13368983957219252,0.054901960784313725,0.37254901960784315,2026-05-29,0.014347984017435525,0.07060718259610599,0.2508631655460658,,,2026-03-06,0.0,0.0,,0.5,,,,,0.8236224995048524,0.0,0.0,0.0,0.0,0.2539638557151826,0.5526555877801831,valuation,medium,high,balanced,valuation_reversion,medium,shadow,0.0,0.4763395970751024,False,False,False,False
600998.SH,600998,0.04,0.04,0.1065526127155855,1.0,1.0,0.0,0.0,0.3,0.7,4.8,20260529,tushare_snapshot,0.0,,,,,,,,,,,,,,,,False,1.0,0.3684207756431328,0.20554984583761562,0.0,0.5911910943074192,hard_data_only,F,,2026-05-29,0.8125,0.1875,0.1875,0.18518518518518517,0.1891891891891892,0.08108108108108109,2026-05-29,0.058481656374863786,0.25061393880919164,0.8737961112120661,,,2026-03-06,0.0,0.0,,0.5,,,,,0.8466866866866867,0.0,0.0,0.0,0.0,0.332809773328117,0.5939560629426667,valuation,medium,high,balanced,valuation_reversion,medium,shadow,0.0,0.46000117776402394,False,False,False,False
601766.SH,601766,0.02,0.0,0.1840507486278801,0.0,1.0,0.0,0.0,0.3,0.7,5.77,20260529,tushare_snapshot,0.0,,,,,,,,,,,,,,,,False,0.0,0.6363815756276103,0.20554984583761562,0.0,0.54803821481522,hard_data_only,F,,2026-05-29,0.28125,0.15625,0.15625,0.07894736842105263,0.08163265306122448,0.061224489795918366,2026-05-29,0.18979295314202688,0.3373499621347112,0.9318553516263856,,,2026-03-06,0.0,0.0,,0.5,,,,,0.9275158133428809,0.0,0.0,0.0,0.0,0.36346348655832644,0.6502557106330108,valuation,medium,high,balanced,valuation_reversion,medium,shadow,0.0,0.4580208414881555,False,False,False,False
002120.SZ,002120,0.04,0.04,0.1374063763877461,1.0,1.0,0.0,0.0,0.3,0.7,6.9,20260529,tushare_snapshot,0.0,,,,,,,,,,,,,,,,False,1.0,0.4751020409251867,0.20554984583761562,0.0,0.6126378443741867,hard_data_only,F,,2026-05-29,0.0625,0.0625,0.3125,0.3235294117647059,0.17391304347826086,0.2608695652173913,2026-05-29,0.17798764983654194,0.26841383252367246,0.6820825004542976,,,2026-03-06,0.0,0.0,,0.5,,,,,0.7492767831770389,0.0,0.0,0.0,0.0,0.3329284951444932,0.5394492568311594,valuation,medium,high,balanced,valuation_reversion,medium,shadow,0.0,0.45249622740923306,False,False,False,False
000720.SZ,000720,0.04,0.04,0.1420478547026793,1.0,1.0,0.0,0.0,0.3,0.7,5.28,20260529,tushare_snapshot,0.0,,,,,,,,,,,,,,,,False,1.0,0.49115061070998317,0.20554984583761562,0.0,0.6160602794556496,hard_data_only,F,,2026-05-29,0.0,0.875,0.5,0.0,0.5217391304347826,0.6820809248554913,2026-05-29,0.981656374863785,0.789047840629016,0.9965473378157369,,,2026-03-06,0.0,0.0,,0.5,,,,,0.6134735137248332,0.0,0.0,0.0,0.0,0.5158961228968544,0.5292677719287742,valuation,medium,high,balanced,valuation_reversion,medium,shadow,0.0,0.45034568300358124,False,False,False,False
000001.SZ,000001,0.02,0.0,0.2450296915206871,0.0,1.0,0.0,0.0,0.3,0.7,10.93,20260529,tushare_snapshot,0.0,,,,,,,,,,,,,,,,False,0.0,0.8472249220825036,0.20554984583761562,0.0,0.5951682955736797,hard_data_only,F,,2026-05-29,0.1875,0.1875,0.1875,0.16666666666666666,0.2857142857142857,0.23809523809523808,2026-05-29,0.06175081729022884,0.2623838108579813,0.9136834453934217,,,2026-03-06,0.0,0.0,,0.5,,,,,0.771931216931217,0.0,0.0,0.0,0.0,0.337939601472101,0.5539397380114379,valuation,medium,high,balanced,valuation_reversion,medium,shadow,0.0,0.4490699251518426,False,False,False,False
300594.SZ,300594,0.04,0.04,0.1030480590445745,1.0,1.0,0.0,0.0,0.3,0.7,17.25,20260529,tushare_snapshot,0.0,,,,,,,,,,,,,,,,False,1.0,0.3563032841161699,0.20554984583761562,0.0,0.5699185676972354,hard_data_only,F,,2026-05-29,0.0,0.15625,0.15625,0.0,0.46938775510204084,0.24489795918367346,2026-05-29,0.4956411187795133,0.3653929115308039,0.3711611848082864,,,2026-03-06,0.0,0.0,,0.5,,,,,0.7639229024943309,0.0,0.0,0.0,0.0,0.3558105735612784,0.5558886318788856,valuation,medium,high,balanced,valuation_reversion,medium,shadow,0.0,0.43803968770323876,False,False,False,False
600905.SH,600905,0.04,0.04,0.1032111312558444,1.0,1.0,0.0,0.0,0.3,0.7,4.17,20260529,tushare_snapshot,0.0,,,,,,,,,,,,,,,,False,1.0,0.356867129422547,0.20554984583761562,0.0,0.5353754308568999,hard_data_only,F,,2026-05-29,1.0,0.5625,0.875,0.5925925925925926,0.22580645161290322,0.3225806451612903,2026-05-29,0.13421721758082092,0.3147108016701784,0.9635653280029075,,,2026-04-01,3.0,3.0,1.0,1.0,,,,,0.6182915173237753,1.0,0.0,0.0,0.0,0.35688295213577514,0.5547211124701933,revision,swing,mid,balanced,expectation_repricing,medium,live,0.0,0.43754670124157113,False,False,False,False
603359.SH,603359,0.04,0.04,0.1069741140794873,1.0,1.0,0.0,0.0,0.3,0.7,2.84,20260529,tushare_snapshot,0.0,,,,,,,,,,,,,,,,False,1.0,0.3698781764094364,0.20554984583761562,0.0,0.5722544618548263,hard_data_only,F,,2026-05-29,0.0,0.1875,0.1875,0.0,0.18253968253968253,0.7874015748031497,2026-05-29,0.6767163094805666,0.5555030743393343,0.7332364165000909,,,2026-03-06,0.0,0.0,,0.5,,,,,0.7003630796150481,0.0,0.0,0.0,0.0,0.43011555409532215,0.5470449240587429,valuation,medium,high,balanced,valuation_reversion,medium,shadow,0.0,0.43610125665289584,False,False,False,False
601108.SH,601108,0.04,0.04,0.1039998700168764,1.0,1.0,0.0,0.0,0.3,0.7,7.85,20260529,tushare_snapshot,0.0,,,,,,,,,,,,,,,,False,1.0,0.3595943055913272,0.20554984583761562,0.0,0.559044420042377,hard_data_only,F,,2026-05-29,0.375,0.125,0.125,0.24,0.26,0.32653061224489793,2026-05-29,0.16890664729386123,0.26566805452152736,0.6910775940396148,,,2026-03-06,0.0,0.0,,0.5,,,,,0.7285374149659862,0.0,0.0,0.0,0.0,0.33228645063864276,0.5276040746108637,valuation,medium,high,balanced,valuation_reversion,medium,shadow,0.0,0.42409511355895707,False,False,False,False
600004.SH,600004,0.04,0.04,0.1028075599522256,1.0,1.0,0.0,0.0,0.3,0.7,8.27,20260529,tushare_snapshot,0.0,,,,,,,,,,,,,,,,False,1.0,0.3554717243835038,0.20554984583761562,0.0,0.5564645840524387,hard_data_only,F,,2026-05-29,0.1875,0.1875,0.1875,0.4,0.2,0.2,2026-05-29,0.022520886305848167,0.22181770680312474,0.837724877339633,,,2026-03-06,0.0,0.0,,0.5,,,,,0.7317777777777777,0.0,0.0,0.0,0.0,0.32212370715437794,0.5257600901311317,valuation,medium,high,balanced,valuation_reversion,medium,shadow,0.0,0.4223488568630046,False,False,False,False
002074.SZ,002074,0.02,0.0,0.1597891391918182,0.0,1.0,0.0,0.0,0.3,0.7,32.95,20260529,tushare_snapshot,0.0,,,,,,,,,,,,,,,,False,0.0,0.5524936188804245,0.20554984583761562,0.0,0.49246571879266027,hard_data_only,F,,2026-05-29,0.6875,0.0625,0.0625,0.12213740458015267,0.19710144927536233,0.14739884393063585,2026-05-29,0.3726843443516164,0.35371344191019805,0.5949482100672361,,,2026-03-06,0.0,0.0,,0.5,,,,,0.8459414172070887,0.0,0.0,0.0,0.0,0.3587028670823796,0.6028602257856264,valuation,medium,high,balanced,valuation_reversion,medium,shadow,0.0,0.41739790243035796,False,False,False,False
601139.SH,601139,0.02,0.0,0.0757635044457562,0.0,1.0,0.0,0.0,0.3,0.7,6.48,20260529,tushare_snapshot,0.0,,,,,,,,,,,,,,,,False,0.0,0.26196306558764104,0.20554984583761562,0.0,0.38234085714969146,hard_data_only,F,,2026-05-29,0.1875,0.1875,0.1875,0.05128205128205128,0.045454545454545456,0.11363636363636363,2026-05-29,0.0740101707228478,0.18276447087376108,0.5682355079047792,,,2026-04-11,3.0,3.0,1.0,1.0,,,,,0.934020979020979,1.0,0.0,0.0,0.0,0.3009458414865456,0.7113922511869046,revision,swing,mid,balanced,expectation_repricing,medium,live,0.0,0.4172645958198845,False,False,False,False
600233.SH,600233,0.04,0.04,0.1404059278551133,1.0,1.0,0.0,0.0,0.3,0.7,18.75,20260529,tushare_snapshot,0.0,,,,,,,,,,,,,,,,False,1.0,0.48547341568573515,0.20554984583761562,0.0,0.58410987395308,hard_data_only,F,,2026-05-29,0.1875,0.1875,0.1875,0.14705882352941177,0.5,0.5,2026-05-29,0.05702869596803487,0.20979118710733285,0.7137016172996548,,,2026-03-06,0.0,0.0,,0.5,,,,,0.624640522875817,0.0,0.0,0.0,0.0,0.3143582117179694,0.4629676490289265,valuation,medium,high,balanced,valuation_reversion,medium,shadow,0.0,0.41507422657397464,False,False,False,False
601857.SH,601857,0.02,0.0,0.1696915055774522,0.0,1.0,0.0,0.0,0.3,0.7,10.87,20260529,tushare_snapshot,0.0,,,,,,,,,,,,,,,,False,0.0,0.5867324555595005,0.20554984583761562,0.0,0.49441702119026487,hard_data_only,F,,2026-05-29,0.1875,0.1875,0.1875,0.17647058823529413,0.19047619047619047,0.14285714285714285,2026-05-29,0.0005448601525608427,0.17872507740882215,0.7137016172996548,,,2026-03-06,0.0,0.0,,0.5,0.0,0.0,0.0,269089000000.0,0.8306162464985993,0.0,0.0,0.0,0.0,0.30400931684756793,0.5745884521043401,valuation,medium,high,balanced,valuation_reversion,medium,shadow,0.0,0.4094334621458607,False,False,False,False
601800.SH,601800,0.02,0.0,0.080393652288987,0.0,1.0,0.0,0.0,0.3,0.7,6.45,20260529,tushare_snapshot,0.0,,,,,,,,,,,,,,,,False,0.0,0.27797245865901293,0.20554984583761562,0.0,0.39814375373364863,hard_data_only,F,,2026-05-29,0.375,0.1875,0.1875,0.08641975308641975,0.023809523809523808,0.08661417322834646,2026-05-29,0.11278605158009444,0.3019696352925482,0.9597492276939851,,,2026-03-06,0.0,0.0,,0.5,,,,,0.9374652473996306,0.0,0.0,0.0,0.0,0.35252288575594937,0.6518887774159349,valuation,medium,high,balanced,valuation_reversion,medium,shadow,0.0,0.38968254311306577,False,False,False,False
601211.SH,601211,0.02,0.0,0.1172334676497596,0.0,1.0,0.0,0.0,0.3,0.7,15.38,20260529,tushare_snapshot,0.0,,,,,,,,,,,,,,,,False,0.0,0.4053513469270467,0.20554984583761562,0.0,0.4287104695595213,hard_data_only,F,,2026-05-29,0.8125,0.1875,0.1875,0.26,0.08,0.14285714285714285,2026-05-29,0.17126770795495821,0.31671223119786923,0.8900599672905688,,,2026-03-06,0.0,0.0,,0.5,,,,,0.8400476190476189,0.0,0.0,0.0,0.0,0.35532172049208216,0.5983424860438162,valuation,medium,high,balanced,valuation_reversion,medium,shadow,0.0,0.38666776134015196,False,False,False,False
000030.SZ,000030,0.02,0.0,0.0806999242575591,0.0,1.0,0.0,0.0,0.3,0.7,4.58,20260529,tushare_snapshot,0.0,,,,,,,,,,,,,,,,False,0.0,0.2790314374427644,0.20554984583761562,0.0,0.393782442755305,hard_data_only,F,,2026-05-29,0.0625,0.0625,0.0625,0.03587443946188341,0.03409090909090909,0.01509433962264151,2026-05-29,0.04068289139120959,0.10739739655264484,0.34008722514991824,,,2026-03-06,0.0,0.0,,0.5,,,,,0.9731725053650131,0.0,0.0,0.0,0.0,0.2689239858858804,0.6417892379233243,valuation,medium,high,balanced,valuation_reversion,medium,shadow,0.0,0.3846809495934349,False,False,False,False
000544.SZ,000544,0.02,0.0,0.0767972910341774,0.0,1.0,0.0,0.0,0.3,0.7,7.91,20260529,tushare_snapshot,0.0,,,,,,,,,,,,,,,,False,0.0,0.2655375293858422,0.20554984583761562,0.0,0.38689486006082996,hard_data_only,F,,2026-05-29,0.1875,0.1875,0.1875,0.02702702702702703,0.02631578947368421,0.13559322033898305,2026-05-29,0.02233926625499455,0.18894023990744674,0.7066145738687989,,,2026-03-06,0.0,0.0,,0.5,,,,,0.9425729520778585,0.0,0.0,0.0,0.0,0.307197432625564,0.6384319289088038,valuation,medium,high,balanced,valuation_reversion,medium,shadow,0.0,0.38034576870675885,False,False,False,False
601688.SH,601688,0.02,0.0,0.085326235143999,0.0,1.0,1.0,1.0,0.3,0.7,18.18,20260529,tushare_snapshot,0.4981,watch,policy_supply_chain,macro_style,825c450eed7d43f18abd235a5d7f2198,"['event_type:policy_supply_chain', 'event_strength:0.966', 'mechanism_group:macro_style', 'mechanism_fit:0.476', 'mechanism_state:0.103', 'router_allow_entry:true', 'expectation:model:market_implied_trailing_profit', 'risk_budget:0.900', 'new_position_policy:selective']","['mechanism_group:macro_style', 'mechanism_fit:0.476', 'mechanism_state:0.103', 'router_allow_entry:true']",expectation:model:market_implied_trailing_profit,['expectation:model:market_implied_trailing_profit'],"['event_type:policy_supply_chain', 'event_strength:0.966', 'mechanism_group:macro_style', 'mechanism_fit:0.476', 'mechanism_state:0.103', 'router_allow_entry:true', 'expectation:model:market_implied_trailing_profit', 'risk_budget:0.900', 'new_position_policy:selective']",earnings_soft_gate,,macro_style,0.1033,True,hold,True,0.0,0.2950275636916625,0.736382322713258,0.9807048631620398,0.3872391878395267,hard_data_only,B,,2026-05-29,0.125,0.1875,0.125,0.02,0.22,0.1836734693877551,2026-05-29,0.280602978568834,0.32485226332643313,0.6820825004542976,,,2026-03-06,0.0,0.0,,0.5,,,,,0.8627120181405894,0.0,0.0,0.0,0.0,0.3517295420955441,0.6097413653131261,valuation,medium,high,balanced,valuation_reversion,medium,shadow,0.0,0.37124884190943735,False,False,False,False
601128.SH,601128,0.04,0.04,0.1219052714354345,1.0,1.0,0.0,0.0,0.3,0.7,7.09,20260529,tushare_snapshot,0.0,,,,,,,,,,,,,,,,False,1.0,0.42150477132936653,0.20554984583761562,0.0,0.5306898496975647,hard_data_only,F,,2026-05-29,0.1875,0.1875,0.1875,0.38095238095238093,0.7857142857142857,0.40476190476190477,2026-05-29,0.29667635306937884,0.385073684175438,0.8876067599491186,,,2026-03-06,0.0,0.0,,0.5,,,,,0.47156084656084657,0.0,0.0,0.0,0.0,0.3780202660289231,0.40016136984448647,valuation,medium,high,balanced,valuation_reversion,medium,shadow,0.0,0.3703523276176299,False,False,False,False
688472.SH,688472,0.02,0.0,0.0818723170411977,0.0,1.0,0.0,0.0,0.3,0.7,13.25,20260529,tushare_snapshot,0.0,,,,,,,,,,,,,,,,False,0.0,0.2830851518257188,0.20554984583761562,0.0,0.38039784501545393,hard_data_only,F,,2026-05-29,0.0625,0.25,0.5625,0.2366412213740458,0.19130434782608696,0.1416184971098266,2026-05-29,0.7381038866690882,0.542087430235689,0.5445211702707614,,,2026-03-06,0.0,0.0,,0.5,,,,,0.8096410160978725,0.0,0.0,0.0,0.0,0.4199264836572665,0.6045725031314246,valuation,medium,high,balanced,valuation_reversion,medium,shadow,0.0,0.36627933153137743,False,False,False,False
002252.SZ,002252,0.02,0.0,0.0894703879706458,0.0,1.0,0.0,0.0,0.3,0.7,5.31,20260529,tushare_snapshot,0.0,,,,,,,,,,,,,,,,False,0.0,0.3093565600425288,0.20554984583761562,0.0,0.3859201423894775,hard_data_only,F,,2026-05-29,0.8125,0.1875,0.3125,0.2127659574468085,0.05063291139240506,0.21518987341772153,2026-05-29,0.05648383581547403,0.24951513750152726,0.8737961112120661,,,2026-03-06,0.0,0.0,,0.5,,,,,0.8449974563844749,0.0,0.0,0.0,0.0,0.33244373524588416,0.5928783202638243,valuation,medium,high,balanced,valuation_reversion,medium,shadow,0.0,0.36532224981358835,False,False,False,False
600448.SH,600448,0.02,0.0,0.0943549972825122,0.0,1.0,0.0,0.0,0.3,0.7,2.99,20260529,tushare_snapshot,0.0,,,,,,,,,,,,,,,,False,0.0,0.32624578974349383,0.20554984583761562,0.0,0.3886285845608555,hard_data_only,F,,2026-05-29,0.0,0.6875,0.0625,0.0,0.5581395348837209,0.023255813953488372,2026-05-29,0.6251362150381402,0.4217142513620184,0.311557332364165,,,2026-03-06,0.0,0.0,,0.5,,,,,0.79984496124031,0.0,0.0,0.0,0.0,0.3727660135682104,0.5821089431791294,valuation,medium,high,balanced,valuation_reversion,medium,shadow,0.0,0.3630309294265074,False,False,False,False
601686.SH,601686,0.02,0.0,0.0734709303674108,0.0,1.0,0.0,0.0,0.3,0.7,5.22,20260529,tushare_snapshot,0.0,,,,,,,,,,,,,,,,False,0.0,0.25403616545223207,0.20554984583761562,0.0,0.36921754905692894,hard_data_only,F,,2026-05-29,0.8125,0.1875,0.1875,0.058823529411764705,0.2608695652173913,0.043478260869565216,2026-05-29,0.013439883763167454,0.22677227406719802,0.8775213519898237,,,2026-03-06,0.0,0.0,,0.5,,,,,0.87718954248366,0.0,0.0,0.0,0.0,0.3249804335682069,0.6082190998754041,valuation,medium,high,balanced,valuation_reversion,medium,shadow,0.0,0.36255200581797264,False,False,False,False
000776.SZ,000776,0.02,0.0,0.0914832758001927,0.0,1.0,0.0,0.0,0.3,0.7,18.89,20260529,tushare_snapshot,0.0,,,,,,,,,,,,,,,,False,0.0,0.3163164052921594,0.20554984583761562,0.0,0.3845021197568292,hard_data_only,F,,2026-05-29,0.1875,0.1875,0.1875,0.04,0.48,0.061224489795918366,2026-05-29,0.2526334907373774,0.3614634117281998,0.8900599672905688,,,2026-03-06,0.0,0.0,,0.5,,,,,0.801718820861678,0.0,0.0,0.0,0.0,0.3702294532957473,0.5822451428690087,valuation,medium,high,balanced,valuation_reversion,medium,shadow,0.0,0.3611845672836342,False,False,False,False
601788.SH,601788,0.04,0.04,0.1056191524273503,1.0,1.0,0.0,0.0,0.3,0.7,14.27,20260529,tushare_snapshot,0.0,,,,,,,,,,,,,,,,False,1.0,0.3651932042616441,0.20554984583761562,0.0,0.506683554456006,hard_data_only,F,,2026-05-29,0.125,0.125,0.125,0.44,0.46,0.5306122448979592,2026-05-29,0.14220849981837994,0.1749573607078502,0.3869707432309649,,,2026-03-06,0.0,0.0,,0.5,,,,,0.526859410430839,0.0,0.0,0.0,0.0,0.29285093851696303,0.4004676077073765,valuation,medium,high,balanced,valuation_reversion,medium,shadow,0.0,0.35964093041182704,False,False,False,False
601601.SH,601601,0.02,0.0,0.2156046636098784,0.0,1.0,0.0,0.0,0.3,0.7,32.18,20260529,tushare_snapshot,0.0,,,,,,,,,,,,,,,,False,0.0,0.7454837133975729,0.20554984583761562,0.0,0.49086757876707027,hard_data_only,F,,2026-05-29,0.125,0.125,0.125,0.4,0.6,0.4,2026-05-29,0.07482746095168907,0.2116757286370034,0.6820825004542976,,,2026-03-06,0.0,0.0,,0.5,,,,,0.5313333333333332,0.0,0.0,0.0,0.0,0.31402761962556053,0.4105966097318684,valuation,medium,high,balanced,valuation_reversion,medium,shadow,0.0,0.35554293649611757,False,False,False,False
002634.SZ,002634,0.02,0.0,0.0816539299297158,0.0,1.0,0.0,0.0,0.3,0.7,4.56,20260529,tushare_snapshot,0.0,,,,,,,,,,,,,,,,False,0.0,0.2823300474040432,0.20554984583761562,0.0,0.3670742606247481,hard_data_only,F,,2026-05-29,0.0,0.0,0.1875,0.0,0.0,0.71875,2026-05-29,0.4731202324736651,0.4056368074898089,0.5816827185171725,,,2026-03-06,0.0,0.0,,0.5,,,,,0.7849999999999999,0.0,0.0,0.0,0.0,0.3755977544690625,0.5748151916088625,valuation,medium,high,balanced,valuation_reversion,medium,shadow,0.0,0.35079461568663434,False,False,False,False
300912.SZ,300912,0.04,0.04,0.1014163252086368,1.0,1.0,0.0,0.0,0.3,0.7,26.68,20260529,tushare_snapshot,0.0,,,,,,,,,,,,,,,,False,1.0,0.3506613328757629,0.20554984583761562,0.0,0.4958308070661618,hard_data_only,F,,2026-05-29,0.0,0.6875,0.125,0.0,0.8977272727272727,0.8,2026-05-29,0.817835088993825,0.47493195931367627,0.10049064146829002,,,2026-03-06,0.0,0.0,,0.5,,,,,0.4462398989898989,0.0,0.0,0.0,0.0,0.3840966968797854,0.38816915431106613,valuation,medium,high,balanced,valuation_reversion,medium,shadow,0.0,0.3504965209779319,False,False,False,False
601158.SH,601158,0.04,0.04,0.1068123137703985,1.0,1.0,0.0,0.0,0.3,0.7,4.32,20260529,tushare_snapshot,0.0,,,,,,,,,,,,,,,,False,1.0,0.3693187288853019,0.20554984583761562,0.0,0.49853287990872447,hard_data_only,F,,2026-05-29,0.1875,0.1875,0.1875,0.42857142857142855,0.6,0.6,2026-05-29,0.004358881220486742,0.23656511136579797,0.936670906778121,,,2026-03-06,0.0,0.0,,0.5,,,,,0.46088888888888885,0.0,0.0,0.0,0.0,0.3300355027722769,0.37691055877579743,valuation,medium,high,balanced,valuation_reversion,medium,shadow,0.0,0.3482943150343328,False,False,False,False
301223.SZ,301223,0.02,0.0,0.0761506579167233,0.0,1.0,0.0,0.0,0.3,0.7,17.12,20260529,tushare_snapshot,0.0,,,,,,,,,,,,,,,,False,0.0,0.26330170364100686,0.20554984583761562,0.0,0.35782065815262604,hard_data_only,F,,2026-05-29,0.0625,0.0625,0.0625,0.16666666666666666,0.05555555555555555,0.16666666666666666,2026-05-29,0.02687976752633491,0.028730810173283945,0.05578775213519898,,,2026-03-06,0.0,0.0,,0.5,,,,,0.874074074074074,0.0,0.0,0.0,0.0,0.23410103028515897,0.5737578523841387,valuation,medium,high,balanced,valuation_reversion,medium,shadow,0.0,0.34657674121885274,False,False,False,False
002958.SZ,002958,0.02,0.0,0.0887764610302137,0.0,1.0,0.0,0.0,0.3,0.7,2.87,20260529,tushare_snapshot,0.0,,,,,,,,,,,,,,,,False,0.0,0.30695720919492386,0.20554984583761562,0.0,0.36771072412521877,hard_data_only,F,,2026-05-29,0.1875,0.1875,0.8125,0.19047619047619047,0.21428571428571427,0.2857142857142857,2026-05-29,0.061932437341082454,0.24740101971259082,0.8533527166999818,,,2026-03-06,0.0,0.0,,0.5,,,,,0.7742063492063492,0.0,0.0,0.0,0.0,0.33111982783641825,0.5527586935766662,valuation,medium,high,balanced,valuation_reversion,medium,shadow,0.0,0.344178711518444,False,False,False,False
002156.SZ,002156,0.02,0.0,0.084317072592283,0.0,1.0,0.0,0.0,0.3,0.7,66.0,20260529,tushare_snapshot,0.0,,,,,,,,,,,,,,,,False,0.0,0.291538240993911,0.20554984583761562,0.0,0.36195577874285884,hard_data_only,F,,2026-05-29,0.75,0.875,0.875,0.23776223776223776,0.5360824742268041,0.03608247422680412,2026-05-29,0.9565928078459862,0.566013378496648,0.15954933672542249,,,2026-03-06,0.0,0.0,,0.5,,,,,0.7204716474819568,0.0,0.0,0.0,0.0,0.4162282633109162,0.5533062973818257,valuation,medium,high,balanced,valuation_reversion,medium,shadow,0.0,0.34148481643282647,False,False,False,False
600017.SH,600017,0.02,0.0,0.0932030827378454,0.0,1.0,0.0,0.0,0.3,0.7,2.77,20260529,tushare_snapshot,0.0,,,,,,,,,,,,,,,,False,0.0,0.32226288177713974,0.20554984583761562,0.0,0.36955385820736864,hard_data_only,F,,2026-05-29,0.75,0.1875,0.1875,0.5625,0.0625,0.1875,2026-05-29,0.22266618234653104,0.36440261689971437,0.9677448664364892,,,2026-03-06,0.0,0.0,,0.5,,,,,0.7268055555555555,0.0,0.0,0.0,0.0,0.373563215797729,0.5414938687982935,valuation,medium,high,balanced,valuation_reversion,medium,shadow,0.0,0.34132634526020067,False,False,False,False
000650.SZ,000650,0.02,0.0,0.0769919291467088,0.0,1.0,0.0,0.0,0.3,0.7,5.35,20260529,tushare_snapshot,0.0,,,,,,,,,,,,,,,,False,0.0,0.26621051827425113,0.20554984583761562,0.0,0.34993460080371125,hard_data_only,F,,2026-05-29,0.8125,0.1875,0.1875,0.4117647058823529,0.1044776119402985,0.17647058823529413,2026-05-29,0.14874682164911007,0.2708440064954169,0.7561330183536253,,,2026-03-06,0.0,0.0,,0.5,,,,,0.7682040776509609,0.0,0.0,0.0,0.0,0.3359825280768446,0.5511479935922022,valuation,medium,high,balanced,valuation_reversion,medium,shadow,0.0,0.3354835235604664,False,False,False,False
600309.SH,600309,0.0,0.0,0.0,0.0,0.0,0.0,1.0,0.3,0.7,73.45,20260529,tushare_snapshot,0.0,,,,,,,,,,,,price_inventory,-0.0048,True,watch,False,0.0,0.0,0.18088386433710177,0.0,0.24470728156674082,hard_data_only,F,,2026-05-29,0.0625,0.0625,0.0625,0.058823529411764705,0.32941176470588235,0.13333333333333333,2026-05-29,0.08645114420632037,0.16128154744903864,0.4549336725422497,,,2026-03-17,3.0,3.0,1.0,1.0,,,,,0.8260435729847494,1.0,0.0,0.0,0.0,0.29035515031500597,0.6471122549848618,revision,swing,mid,balanced,expectation_repricing,medium,live,0.0,0.33356617754234075,False,False,False,False
002926.SZ,002926,0.02,0.0,0.0782504610780861,0.0,1.0,0.0,0.0,0.3,0.7,8.09,20260529,tushare_snapshot,0.0,,,,,,,,,,,,,,,,False,0.0,0.2705620709815256,0.20554984583761562,0.0,0.3484478373837363,hard_data_only,F,,2026-05-29,0.125,0.125,0.75,0.34,0.1,0.24489795918367346,2026-05-29,0.06465673810388667,0.19308891811414292,0.630110848628021,,,2026-03-06,0.0,0.0,,0.5,,,,,0.7742086167800453,0.0,0.0,0.0,0.0,0.3062606221517791,0.5438106493714658,valuation,medium,high,balanced,valuation_reversion,medium,shadow,0.0,0.33254128782562553,False,False,False,False
603799.SH,603799,0.0,0.0,0.0,0.0,0.0,0.0,1.0,0.3,0.7,54.8,20260529,tushare_snapshot,0.0,,,,,,,,,,,,price_inventory,-0.003,True,watch,False,0.0,0.0,0.19013360739979446,0.0,0.2778367743390569,hard_data_only,F,,2026-05-29,0.0625,0.0625,0.0625,0.03571428571428571,0.09090909090909091,0.1044776119402985,2026-05-29,0.5021794406102433,0.3469328373474456,0.282936580047247,,,2026-03-06,0.0,0.0,,0.5,,,,,0.9263285843509723,0.0,0.0,0.0,0.0,0.3469869630926473,0.6436593139498976,valuation,medium,high,balanced,valuation_reversion,medium,shadow,0.0,0.331786294170577,False,False,False,False
002736.SZ,002736,0.02,0.0,0.0734409812034518,0.0,1.0,0.0,0.0,0.3,0.7,10.12,20260529,tushare_snapshot,0.0,,,,,,,,,,,,,,,,False,0.0,0.25393261196879857,0.20554984583761562,0.0,0.3433171786845473,hard_data_only,F,,2026-05-29,0.625,0.125,0.5625,0.06,0.4,0.20408163265306123,2026-05-29,0.011260443152924083,0.19313672910572371,0.7477739414864619,,,2026-03-06,0.0,0.0,,0.5,,,,,0.7795442176870747,0.0,0.0,0.0,0.0,0.3098429338297123,0.5480882180834583,valuation,medium,high,balanced,valuation_reversion,medium,shadow,0.0,0.3315364244543053,False,False,False,False
002007.SZ,002007,0.02,0.0,0.0914195697122496,0.0,1.0,0.0,0.0,0.3,0.7,13.74,20260529,tushare_snapshot,0.0,,,,,,,,,,,,,,,,False,0.0,0.3160961324547787,0.20554984583761562,0.0,0.35337518224020525,hard_data_only,F,,2026-05-29,0.8125,0.1875,0.1875,0.2978723404255319,0.35443037974683544,0.3037974683544304,2026-05-29,0.13857609880130767,0.3127242139627436,0.9460294384880974,,,2026-03-06,0.0,0.0,,0.5,,,,,0.6821019241703324,0.0,0.0,0.0,0.0,0.35568965505199057,0.5100253533541028,valuation,medium,high,balanced,valuation_reversion,medium,shadow,0.0,0.32391500200420803,False,False,False,False
600812.SH,600812,0.02,0.0,0.0805334554075306,0.0,1.0,0.0,0.0,0.3,0.7,4.54,20260529,tushare_snapshot,0.0,,,,,,,,,,,,,,,,False,0.0,0.2784558477759804,0.20554984583761562,0.0,0.34226883907172934,hard_data_only,F,,2026-05-29,0.1875,0.1875,0.1875,0.6052631578947368,0.1292517006802721,0.02040816326530612,2026-05-29,0.13784961859789321,0.18955070836440369,0.4549336725422497,,,2026-03-06,0.0,0.0,,0.5,,,,,0.7389742212674544,0.0,0.0,0.0,0.0,0.29977231188517844,0.5217435961884387,valuation,medium,high,balanced,valuation_reversion,medium,shadow,0.0,0.3226900664408974,False,False,False,False
000900.SZ,000900,0.02,0.0,0.072534713533215,0.0,1.0,0.0,0.0,0.3,0.7,3.84,20260529,tushare_snapshot,0.0,,,,,,,,,,,,,,,,False,0.0,0.25079906292199894,0.20554984583761562,0.0,0.3349156182932723,hard_data_only,F,,2026-05-29,0.125,0.1875,0.5,0.5789473684210527,0.10526315789473684,0.05263157894736842,2026-05-29,0.13203777697057756,0.2213578298506267,0.5949482100672361,,,2026-03-06,0.0,0.0,,0.5,,,,,0.7468421052631579,0.0,0.0,0.0,0.0,0.31461191626796803,0.5314918688038369,valuation,medium,high,balanced,valuation_reversion,medium,shadow,0.0,0.3223766868705654,False,False,False,False
600365.SH,600365,0.02,0.0,0.086509614989117,0.0,1.0,0.0,0.0,0.3,0.7,2.74,20260529,tushare_snapshot,0.0,,,,,,,,,,,,,,,,False,0.0,0.2991192673984741,0.20554984583761562,0.0,0.3454554064965021,hard_data_only,F,,2026-05-29,0.0,0.75,0.6875,0.0,0.7,0.1875,2026-05-29,0.255176171449328,0.2580554169211537,0.47083409049609304,,,2026-03-06,0.0,0.0,,0.5,,,,,0.7005555555555555,0.0,0.0,0.0,0.0,0.3230748803488104,0.5086180680366829,valuation,medium,high,balanced,valuation_reversion,medium,shadow,0.0,0.31991271746699107,False,False,False,False
600803.SH,600803,0.02,0.0,0.0713831838036401,0.0,1.0,0.0,0.0,0.3,0.7,19.55,20260529,tushare_snapshot,0.0,,,,,,,,,,,,,,,,False,0.0,0.24681748550842084,0.20554984583761562,0.0,0.33098184493817484,hard_data_only,F,,2026-05-29,0.25,0.1875,0.1875,0.07692307692307693,0.6136363636363636,0.09090909090909091,2026-05-29,0.005448601525608427,0.21719807556014586,0.8568053788842449,,,2026-03-06,0.0,0.0,,0.5,,,,,0.7330516705516705,0.0,0.0,0.0,0.0,0.3211631255764823,0.5261276607164691,valuation,medium,high,balanced,valuation_reversion,medium,shadow,0.0,0.31884308127468225,False,False,False,False
301040.SZ,301040,0.02,0.0,0.0774928145091269,0.0,1.0,0.0,0.0,0.3,0.7,29.95,20260529,tushare_snapshot,0.0,,,,,,,,,,,,,,,,False,0.0,0.2679424004780498,0.20554984583761562,0.0,0.33577352918787,hard_data_only,F,,2026-05-29,0.0,0.6875,0.625,0.0,0.5037037037037037,0.39705882352941174,2026-05-29,0.6018888485288776,0.33814862500452975,0.028439033254588405,,,2026-03-06,0.0,0.0,,0.5,,,,,0.7059259259259258,0.0,0.0,0.0,0.0,0.3363468672804183,0.5164033907394691,valuation,medium,high,balanced,valuation_reversion,medium,shadow,0.0,0.317908052558208,False,False,False,False
601229.SH,601229,0.02,0.0,0.0846237698471066,0.0,1.0,0.0,0.0,0.3,0.7,9.03,20260529,tushare_snapshot,0.0,,,,,,,,,,,,,,,,False,0.0,0.29259869026521457,0.20554984583761562,0.0,0.30676588370827873,hard_data_only,F,,2026-05-29,0.1875,0.1875,0.1875,0.3333333333333333,0.42857142857142855,0.5952380952380952,2026-05-29,0.007809662186705413,0.20557189061555367,0.8051063056514628,,,2026-03-21,3.0,3.0,1.0,1.0,,,,,0.5556613756613757,1.0,0.0,0.0,0.0,0.3157231477384902,0.504830703556227,revision,swing,mid,balanced,expectation_repricing,medium,live,0.0,0.3167018480708015,False,False,False,False
603323.SH,603323,0.02,0.0,0.0766994838805188,0.0,1.0,0.0,0.0,0.3,0.7,4.74,20260529,tushare_snapshot,0.0,,,,,,,,,,,,,,,,False,0.0,0.2651993472756528,0.20554984583761562,0.0,0.3297818357041029,hard_data_only,F,,2026-05-29,0.1875,0.1875,0.1875,0.07142857142857142,0.38095238095238093,0.5476190476190477,2026-05-29,0.16908826734471485,0.29897710419023826,0.8239142286025805,,,2026-03-06,0.0,0.0,,0.5,,,,,0.6783862433862434,0.0,0.0,0.0,0.0,0.3474088214726895,0.5049634720264645,valuation,medium,high,balanced,valuation_reversion,medium,shadow,0.0,0.31148166752132445,False,False,False,False
601878.SH,601878,0.02,0.0,0.0898491376588593,0.0,1.0,0.0,0.0,0.3,0.7,9.44,20260529,tushare_snapshot,0.0,,,,,,,,,,,,,,,,False,0.0,0.3106661408247352,0.20554984583761562,0.0,0.3066276732229123,hard_data_only,F,,2026-05-29,0.125,0.125,0.75,0.46,0.54,0.42857142857142855,2026-05-29,0.07973120232473666,0.2186658992397173,0.6992549518444485,,,2026-04-01,3.0,3.0,1.0,1.0,,,,,0.5226984126984127,1.0,0.0,0.0,0.0,0.31687671893065317,0.4867867299261463,revision,swing,mid,balanced,expectation_repricing,medium,live,0.0,0.3108881202089956,False,False,False,False
600796.SH,600796,0.02,0.0,0.0821310812036777,0.0,1.0,0.0,0.0,0.3,0.7,5.35,20260529,tushare_snapshot,0.0,,,,,,,,,,,,,,,,False,0.0,0.28397986562972466,0.20554984583761562,0.0,0.3338579143819801,hard_data_only,F,,2026-05-29,0.1875,0.1875,0.1875,0.43243243243243246,0.22807017543859648,0.3728813559322034,2026-05-29,0.38439883763167454,0.3442787101431779,0.5314373977830275,,,2026-03-06,0.0,0.0,,0.5,,,,,0.6583532774522961,0.0,0.0,0.0,0.0,0.3536349014309041,0.4959863998884113,valuation,medium,high,balanced,valuation_reversion,medium,shadow,0.0,0.3104792807685819,False,False,False,False
688425.SH,688425,0.02,0.0,0.0781600319371501,0.0,1.0,0.0,0.0,0.3,0.7,4.45,20260529,tushare_snapshot,0.0,,,,,,,,,,,,,,,,False,0.0,0.2702493993970821,0.20554984583761562,0.0,0.32969464609179505,hard_data_only,F,,2026-05-29,0.15625,0.15625,0.15625,0.29411764705882354,0.07894736842105263,0.47368421052631576,2026-05-29,0.009989102796948783,0.07983981791393513,0.2973832455024532,,,2026-03-06,0.0,0.0,,0.5,,,,,0.7284915720674233,0.0,0.0,0.0,0.0,0.2584495065552436,0.5009971027176447,valuation,medium,high,balanced,valuation_reversion,medium,shadow,0.0,0.31041188846902357,False,False,False,False
001227.SZ,001227,0.02,0.0,0.0932016783407481,0.0,1.0,0.0,0.0,0.3,0.7,2.12,20260529,tushare_snapshot,0.0,,,,,,,,,,,,,,,,False,0.0,0.32225802587492663,0.20554984583761562,0.0,0.34302527243778075,hard_data_only,F,,2026-05-29,0.1875,0.1875,0.1875,0.7142857142857143,0.16666666666666666,0.21428571428571427,2026-05-29,0.16563748637849618,0.3136156093308151,0.8900599672905688,,,2026-03-06,0.0,0.0,,0.5,,,,,0.6291269841269841,0.0,0.0,0.0,0.0,0.3542901586239714,0.4798555682157408,valuation,medium,high,balanced,valuation_reversion,medium,shadow,0.0,0.30955278713909395,False,False,False,False
601916.SH,601916,0.02,0.0,0.0878813085728128,0.0,1.0,0.0,0.0,0.3,0.7,3.0,20260529,tushare_snapshot,0.0,,,,,,,,,,,,,,,,False,0.0,0.30386209257347796,0.20554984583761562,0.0,0.33776741375411323,hard_data_only,F,,2026-05-29,0.8125,0.25,0.625,0.6666666666666666,0.2619047619047619,0.09523809523809523,2026-05-29,0.05021794406102434,0.2668757296733235,0.9570234417590405,,,2026-03-06,0.0,0.0,,0.5,,,,,0.6484391534391534,0.0,0.0,0.0,0.0,0.3407496127990981,0.4857957865336012,valuation,medium,high,balanced,valuation_reversion,medium,shadow,0.0,0.3090640030673034,False,False,False,False
601825.SH,601825,0.04,0.04,0.135097996321084,1.0,1.0,0.0,0.0,0.3,0.7,8.5,20260529,tushare_snapshot,0.0,,,,,,,,,,,,,,,,False,1.0,0.46712048934269407,0.20554984583761562,0.0,0.4864877231079927,hard_data_only,F,,2026-05-29,0.1875,0.1875,0.1875,0.7380952380952381,0.6190476190476191,0.9523809523809523,2026-05-29,0.006538321830730113,0.23740036557677255,0.9352171542794839,,,2026-03-06,0.0,0.0,,0.5,,,,,0.23939153439153435,0.0,0.0,0.0,0.0,0.33026968331308126,0.2529563452519685,liquidity,short,low,tactical,intraday_liquidity_timing,low,shadow,0.0,0.30327747174877767,False,False,False,False
601326.SH,601326,0.02,0.0,0.0920185789037241,0.0,1.0,0.0,0.0,0.3,0.7,3.32,20260529,tushare_snapshot,0.0,,,,,,,,,,,,,,,,False,0.0,0.31816729171888297,0.20554984583761562,0.0,0.33528060163799883,hard_data_only,F,,2026-05-29,0.1875,0.1875,0.1875,0.1875,0.4375,0.5,2026-05-29,0.02179440610243371,0.19893040872795403,0.7477739414864619,,,2026-03-06,0.0,0.0,,0.5,,,,,0.632361111111111,0.0,0.0,0.0,0.0,0.3117729528087583,0.4663604852333752,valuation,medium,high,balanced,valuation_reversion,medium,shadow,0.0,0.30180689979418446,False,False,False,False
600999.SH,600999,0.02,0.0,0.1000155013195492,0.0,1.0,0.0,0.0,0.3,0.7,16.99,20260529,tushare_snapshot,0.0,,,,,,,,,,,,,,,,False,0.0,0.3458177855369974,0.20554984583761562,0.0,0.3386817449603249,hard_data_only,F,,2026-05-29,0.6875,0.875,0.5625,0.12,0.56,0.46938775510204084,2026-05-29,0.14911006175081729,0.13766199680140126,0.222605851353807,,,2026-03-06,0.0,0.0,,0.5,,,,,0.6223628117913831,0.0,0.0,0.0,0.0,0.27544500128033783,0.44768337506409617,valuation,medium,high,balanced,valuation_reversion,medium,shadow,0.0,0.29751652789008337,False,False,False,False
600276.SH,600276,0.02,0.0,0.2228675975459227,0.0,1.0,0.0,0.0,0.3,0.7,50.19,20260529,tushare_snapshot,0.0,,,,,,,,,,,,,,,,False,0.0,0.7705963379120433,0.20554984583761562,0.0,0.4467976489736332,hard_data_only,F,,2026-05-29,0.125,0.125,0.125,0.5614035087719298,0.8571428571428571,0.8435374149659864,2026-05-29,0.38103886669088266,0.43147306666726515,0.8876067599491186,,,2026-03-06,0.0,0.0,,0.5,,,,,0.25079524207343756,0.0,0.0,0.0,0.0,0.3934770559559375,0.28209707570526255,liquidity,short,low,tactical,intraday_liquidity_timing,low,shadow,0.0,0.29415267226383496,False,False,False,False
688287.SH,688287,0.02,0.0,0.2042710294427811,0.0,1.0,0.0,0.0,0.3,0.7,0.35,20260529,tushare_snapshot,0.0,,,,,,,,,,,,,,,,False,0.0,0.7062960653026076,0.20554984583761562,0.0,0.4293645293453436,hard_data_only,F,,2026-05-29,0.0,0.07692307692307693,0.07692307692307693,0.0,1.0,1.0,2026-05-29,0.3932074100980748,0.23743434631534405,0.08468108304561149,,,2026-03-06,0.0,0.0,,0.5,,,,,0.35,0.0,0.0,0.0,0.0,0.30450113698905246,0.3056204093160589,valuation,medium,high,balanced,valuation_reversion,medium,shadow,0.0,0.29386698436594477,False,False,False,False
002839.SZ,002839,0.02,0.0,0.0928043044695482,0.0,1.0,0.0,0.0,0.3,0.7,4.24,20260529,tushare_snapshot,0.0,,,,,,,,,,,,,,,,False,0.0,0.320884049337734,0.20554984583761562,0.0,0.3291318082501378,hard_data_only,F,,2026-05-29,0.1875,0.1875,0.1875,0.2619047619047619,0.5238095238095238,0.5,2026-05-29,0.1276788957500908,0.2998935725644217,0.9186807196074869,,,2026-03-06,0.0,0.0,,0.5,,,,,0.5761111111111111,0.0,0.0,0.0,0.0,0.35058650538514313,0.44883336416087377,valuation,medium,high,balanced,valuation_reversion,medium,shadow,0.0,0.2932966040222693,False,False,False,False
601928.SH,601928,0.02,0.0,0.0770193904465594,0.0,1.0,0.0,0.0,0.3,0.7,8.95,20260529,tushare_snapshot,0.0,,,,,,,,,,,,,,,,False,0.0,0.2663054696145635,0.20554984583761562,0.0,0.3146102807084099,hard_data_only,F,,2026-05-29,0.8125,0.1875,0.625,0.375,0.3103448275862069,0.4482758620689655,2026-05-29,0.008717762440973484,0.23042170010757268,0.902507723060149,,,2026-03-06,0.0,0.0,,0.5,,,,,0.6268726053639847,0.0,0.0,0.0,0.0,0.3269534886433556,0.4687519149154395,valuation,medium,high,balanced,valuation_reversion,medium,shadow,0.0,0.29302924325884167,False,False,False,False
601866.SH,601866,0.02,0.0,0.0810564860410802,0.0,1.0,0.0,0.0,0.3,0.7,2.52,20260529,tushare_snapshot,0.0,,,,,,,,,,,,,,,,False,0.0,0.2802643003965822,0.20554984583761562,0.0,0.3168874864496697,hard_data_only,F,,2026-05-29,0.25,0.125,0.125,0.6666666666666666,0.15789473684210525,0.15789473684210525,2026-05-29,0.040864511442063205,0.05695667337018365,0.13792476830819553,,,2026-03-06,0.0,0.0,,0.5,,,,,0.665906432748538,0.0,0.0,0.0,0.0,0.24599335264660047,0.46146520929195745,valuation,medium,high,balanced,valuation_reversion,medium,shadow,0.0,0.29196750603264965,False,False,False,False
600543.SH,600543,0.02,0.0,0.0837901954385293,0.0,1.0,0.0,0.0,0.3,0.7,4.51,20260529,tushare_snapshot,0.0,,,,,,,,,,,,,,,,False,0.0,0.2897164884839776,0.20554984583761562,0.0,0.31790864372640293,hard_data_only,F,,2026-05-29,0.0,0.65625,0.09375,0.0,0.4444444444444444,0.6666666666666666,2026-05-29,0.13312749727569922,0.09834278386870708,0.10049064146829002,,,2026-03-06,0.0,0.0,,0.5,,,,,0.6451851851851851,0.0,0.0,0.0,0.0,0.25864546324179943,0.4544160704707515,valuation,medium,high,balanced,valuation_reversion,medium,shadow,0.0,0.2901583553406682,False,False,False,False
600908.SH,600908,0.02,0.0,0.0836411956698459,0.0,1.0,0.0,0.0,0.3,0.7,5.45,20260529,tushare_snapshot,0.0,,,,,,,,,,,,,,,,False,0.0,0.2892013006443747,0.20554984583761562,0.0,0.3102404293180031,hard_data_only,F,,2026-05-29,0.1875,0.1875,0.1875,0.23809523809523808,0.4523809523809524,0.6428571428571429,2026-05-29,0.05266981474754813,0.24455535068247622,0.8623478102852989,,,2026-03-06,0.0,0.0,,0.5,,,,,0.5662698412698411,0.0,0.0,0.0,0.0,0.33044450714127405,0.4360711336819697,valuation,medium,high,balanced,valuation_reversion,medium,shadow,0.0,0.28060267128073685,False,False,False,False
002262.SZ,002262,0.02,0.0,0.0750671183366713,0.0,1.0,0.0,0.0,0.3,0.7,20.29,20260529,tushare_snapshot,0.0,,,,,,,,,,,,,,,,False,0.0,0.2595552118155239,0.20554984583761562,0.0,0.30170095907767047,hard_data_only,F,,2026-05-29,0.75,0.125,0.125,0.2631578947368421,0.5714285714285714,0.40816326530612246,2026-05-29,0.14892844169996367,0.24484449719629203,0.6517354170452481,,,2026-03-06,0.0,0.0,,0.5,,,,,0.5867609499940327,0.0,0.0,0.0,0.0,0.3241571382286413,0.4452827017589692,valuation,medium,high,balanced,valuation_reversion,medium,shadow,0.0,0.27962866200378583,False,False,False,False
300144.SZ,300144,0.02,0.0,0.0817651539006763,0.0,1.0,0.0,0.0,0.3,0.7,6.74,20260529,tushare_snapshot,0.0,,,,,,,,,,,,,,,,False,0.0,0.2827146200635683,0.20554984583761562,0.0,0.3071569660371885,hard_data_only,F,,2026-05-29,0.1875,0.1875,0.1875,0.2857142857142857,0.4444444444444444,0.6666666666666666,2026-05-29,0.2130403196512895,0.332759128379534,0.8623478102852989,,,2026-03-06,0.0,0.0,,0.5,,,,,0.5451851851851852,0.0,0.0,0.0,0.0,0.3598273822877837,0.4348415613273059,valuation,medium,high,balanced,valuation_reversion,medium,shadow,0.0,0.27871680663157916,False,False,False,False
002883.SZ,002883,0.02,0.0,0.0788054667212122,0.0,1.0,0.0,0.0,0.3,0.7,9.37,20260529,tushare_snapshot,0.0,,,,,,,,,,,,,,,,False,0.0,0.27248108173420077,0.20554984583761562,0.0,0.30315511951581875,hard_data_only,F,,2026-05-29,0.0,0.75,0.125,0.0,0.6825396825396826,0.5984251968503937,2026-05-29,0.3383581547402833,0.23211733764213677,0.18408141013992368,,,2026-03-06,0.0,0.0,,0.5,,,,,0.5824759405074365,0.0,0.0,0.0,0.0,0.3057427466604352,0.4362539154819211,valuation,medium,high,balanced,valuation_reversion,medium,shadow,0.0,0.2774695545469189,False,False,False,False
002936.SZ,002936,0.02,0.0,0.0738782453554645,0.0,1.0,0.0,0.0,0.3,0.7,1.77,20260529,tushare_snapshot,0.0,,,,,,,,,,,,,,,,False,0.0,0.25544451481134517,0.20554984583761562,0.0,0.2981196235119201,hard_data_only,F,,2026-05-29,0.125,0.125,0.125,1.0,0.09523809523809523,0.07142857142857142,2026-05-29,0.11151471122411914,0.17904161379728878,0.47083409049609304,,,2026-03-06,0.0,0.0,,0.5,,,,,0.5973015873015872,0.0,0.0,0.0,0.0,0.29675341461733906,0.4413201181511309,valuation,medium,high,balanced,valuation_reversion,medium,shadow,0.0,0.27679262744543415,False,False,False,False
688272.SH,688272,0.02,0.0,0.0929753128920104,0.0,1.0,0.0,0.0,0.3,0.7,32.91,20260529,tushare_snapshot,0.0,,,,,,,,,,,,,,,,False,0.0,0.32147533522026045,0.20554984583761562,0.0,0.31407815151663526,hard_data_only,F,,2026-05-29,0.0,0.0625,0.0625,0.0,0.6058631921824105,0.7947882736156352,2026-05-29,0.35470395931710863,0.2090341156582095,0.05578775213519898,,,2026-03-06,0.0,0.0,,0.5,,,,,0.5499674267100977,0.0,0.0,0.0,0.0,0.29416455196064034,0.41388099766348524,valuation,medium,high,balanced,valuation_reversion,medium,shadow,0.0,0.27539387955098205,False,False,False,False
300498.SZ,300498,0.02,0.0,0.0729884600085318,0.0,1.0,0.0,0.0,0.3,0.7,13.68,20260529,tushare_snapshot,0.0,,,,,,,,,,,,,,,,False,0.0,0.25236795573580323,0.20554984583761562,0.0,0.2938831468754367,hard_data_only,F,,2026-05-29,0.8125,0.1875,0.1875,0.6086956521739131,0.5121951219512195,0.14285714285714285,2026-05-29,0.14257173992008718,0.24400595250393092,0.6623659821915319,,,2026-03-06,0.0,0.0,,0.5,,,,,0.5667358481038226,0.0,0.0,0.0,0.0,0.32420001200926196,0.43408407926147496,valuation,medium,high,balanced,valuation_reversion,medium,shadow,0.0,0.27246883802481836,False,False,False,False
600050.SH,600050,0.0,0.0,0.0,0.0,0.0,0.0,1.0,0.3,0.7,4.35,20260529,tushare_snapshot,0.0,,,,,,,,,,,,trend_capex,0.0246,False,watch,False,0.0,0.0,0.3319630010277493,0.0,0.22664969098576962,hard_data_only,F,,2026-05-29,0.71875,0.09375,0.09375,0.25,0.2,0.2,2026-05-29,0.03214674900108972,0.04280337231767185,0.10049064146829002,,,2026-03-06,0.0,0.0,,0.5,,,,,0.7842777777777777,0.0,0.0,0.0,0.0,0.24014390199439353,0.5256473602735372,valuation,medium,high,balanced,valuation_reversion,medium,shadow,0.0,0.27095481402336785,False,False,False,False
000878.SZ,000878,0.0,0.0,0.0,0.0,0.0,0.0,1.0,0.3,0.7,17.72,20260529,tushare_snapshot,0.0,,,,,,,,,,,,price_inventory,-0.0028,True,watch,False,0.0,0.0,0.19116135662898256,0.0,0.2260775509698069,hard_data_only,F,,2026-05-29,0.09375,0.15625,0.09375,0.4375,0.3333333333333333,0.1111111111111111,2026-05-29,0.4625862695241555,0.38012660960481287,0.5028166454661094,,,2026-03-06,0.0,0.0,,0.5,,,,,0.6988503086419753,0.0,0.0,0.0,0.0,0.36470923059833027,0.5226514958549051,valuation,medium,high,balanced,valuation_reversion,medium,shadow,0.0,0.2694105393865329,False,False,False,False
002423.SZ,002423,0.02,0.0,0.0835861606157065,0.0,1.0,0.0,0.0,0.3,0.7,9.17,20260529,tushare_snapshot,0.0,,,,,,,,,,,,,,,,False,0.0,0.28901100913657546,0.20554984583761562,0.0,0.29065928262173624,hard_data_only,F,,2026-05-29,0.1875,0.1875,0.5,0.4444444444444444,0.21739130434782608,0.95,2026-05-29,0.07755176171449328,0.2533112919486046,0.8426312920225332,,,2026-03-06,0.0,0.0,,0.5,,,,,0.4834685990338164,0.0,0.0,0.0,0.0,0.3327637188516161,0.39053735424551894,valuation,medium,high,balanced,valuation_reversion,medium,shadow,0.0,0.2570946985865975,False,False,False,False
301387.SZ,301387,0.0,0.0,0.0,0.0,0.0,1.0,0.0,0.3,0.7,93.3,20260529,tushare_snapshot,0.0,,,,,,,,,,,,,,,,False,0.0,0.0,0.20554984583761562,0.0,0.21608077200654457,hard_data_only,F,,2026-05-29,0.0,0.875,0.875,0.0,0.5863192182410424,0.5798045602605864,2026-05-29,0.9262622593534326,0.5650957054828398,0.222605851353807,,,2026-03-06,0.0,0.0,,0.5,,,,,0.6217806731813246,0.0,0.0,0.0,0.0,0.41783381526891666,0.49861735047835176,valuation,medium,high,balanced,valuation_reversion,medium,shadow,0.0,0.25702168731025543,False,False,False,False
601228.SH,601228,0.02,0.0,0.09230355995802,0.0,1.0,0.0,0.0,0.3,0.7,3.08,20260529,tushare_snapshot,0.0,,,,,,,,,,,,,,,,False,0.0,0.3191526541458705,0.20554984583761562,0.0,0.2929809437305755,hard_data_only,F,,2026-05-29,0.75,0.1875,0.75,0.75,0.5625,0.3125,2026-05-29,0.01198692335633854,0.2172506308516195,0.8426312920225332,,,2026-03-06,0.0,0.0,,0.5,,,,,0.44840277777777776,0.0,0.0,0.0,0.0,0.3207510145165198,0.3665759207815027,valuation,medium,high,balanced,valuation_reversion,medium,shadow,0.0,0.2505612646587174,False,False,False,False
002460.SZ,002460,0.0,0.0,0.0,0.0,0.0,0.0,1.0,0.3,0.7,71.48,20260529,tushare_snapshot,0.0,,,,,,,,,,,,price_inventory,0.0074,True,watch,False,0.0,0.0,0.24357656731757452,0.0,0.20788379374957405,hard_data_only,F,,2026-05-29,0.07692307692307693,0.0625,0.0625,0.35714285714285715,0.3181818181818182,0.5373134328358209,2026-05-29,0.6324010170722848,0.4696631906817792,0.48737052516809015,,,2026-03-06,0.0,0.0,,0.5,,,,,0.6034705261570933,0.0,0.0,0.0,0.0,0.3940679216991978,0.4798079464596835,valuation,medium,high,balanced,valuation_reversion,medium,shadow,0.0,0.24732602639203732,False,False,False,False
300911.SZ,300911,0.02,0.0,0.0851045154072464,0.0,1.0,0.0,0.0,0.3,0.7,25.39,20260529,tushare_snapshot,0.0,,,,,,,,,,,,,,,,False,0.0,0.29426093624529637,0.20554984583761562,0.0,0.2839229114261676,hard_data_only,F,,2026-05-29,0.0,0.25,0.6875,0.0,0.8111111111111111,0.9560439560439561,2026-05-29,0.5719215401380312,0.3813840322476417,0.2673087406868981,,,2026-03-06,0.0,0.0,,0.5,,,,,0.42939560439560437,0.0,0.0,0.0,0.0,0.3579898321762381,0.3693378780449842,valuation,medium,high,balanced,valuation_reversion,medium,shadow,0.0,0.24718037045541158,False,False,False,False
601860.SH,601860,0.02,0.0,0.0908601944721343,0.0,1.0,0.0,0.0,0.3,0.7,2.56,20260529,tushare_snapshot,0.0,,,,,,,,,,,,,,,,False,0.0,0.31416201320057574,0.20554984583761562,0.0,0.28877213222098064,hard_data_only,F,,2026-05-29,0.8125,0.1875,0.1875,0.9047619047619048,0.30952380952380953,0.5238095238095238,2026-05-29,0.1442063203777697,0.3049404069728106,0.902507723060149,,,2026-03-06,0.0,0.0,,0.5,,,,,0.4189153439153439,0.0,0.0,0.0,0.0,0.3517775258566017,0.3612325019009692,valuation,medium,high,balanced,valuation_reversion,medium,shadow,0.0,0.24684360590431217,False,False,False,False
002207.SZ,002207,0.02,0.0,0.0750658719989613,0.0,1.0,0.0,0.0,0.3,0.7,8.85,20260529,tushare_snapshot,0.0,,,,,,,,,,,,,,,,False,0.0,0.25955090242606704,0.20554984583761562,0.0,0.2725080778537648,hard_data_only,F,,2026-05-29,0.0,1.0,0.625,0.0,1.0,0.9047619047619048,2026-05-29,0.9304395205230658,0.6446010857334431,0.5314373977830275,,,2026-03-06,0.0,0.0,,0.5,,,,,0.3787830687830688,0.0,0.0,0.0,0.0,0.45367976454300096,0.3754432337539989,liquidity,short,low,tactical,intraday_liquidity_timing,low,shadow,0.0,0.24362776344068612,False,False,False,False
688380.SH,688380,0.0,0.0,0.0,0.0,0.0,0.0,1.0,0.3,0.7,46.0,20260529,tushare_snapshot,0.0,,,,,,,,,,,,trend_capex,0.0412,False,watch,False,0.0,0.0,0.41726618705035967,0.0,0.20287221955695867,hard_data_only,F,,2026-05-29,0.4375,0.6875,0.1875,0.20279720279720279,0.4484536082474227,0.5773195876288659,2026-05-29,0.5917181256810752,0.4068551090482694,0.32564055969471195,,,2026-03-06,0.0,0.0,,0.5,,,,,0.5998056296509904,0.0,0.0,0.0,0.0,0.3682429277545062,0.4684586065961769,valuation,medium,high,balanced,valuation_reversion,medium,shadow,0.0,0.24147579579180342,False,False,False,False
600111.SH,600111,0.0,0.0,0.0,0.0,0.0,0.0,1.0,0.3,0.7,48.62,20260529,tushare_snapshot,0.0,,,,,,,,,,,,price_inventory,0.0156,True,watch,False,0.0,0.0,0.2857142857142857,0.0,0.16241729704686508,hard_data_only,F,,2026-05-29,0.125,0.125,0.125,0.6071428571428571,0.6818181818181818,0.43283582089552236,2026-05-29,0.5539411551035234,0.4375269847526947,0.5314373977830275,,,2026-04-14,3.0,3.0,1.0,1.0,,,,,0.42027325493743406,1.0,0.0,0.0,0.0,0.3846982241367556,0.4538443834541951,revision,swing,mid,balanced,expectation_repricing,medium,live,0.0,0.23394261972587382,False,False,False,False
300710.SZ,300710,0.0,0.0,0.0,0.0,0.0,1.0,0.0,0.3,0.7,45.32,20260529,tushare_snapshot,0.0,,,,,,,,,,,,,,,,False,0.0,0.0,0.20554984583761562,0.0,0.19582774748531023,hard_data_only,F,,2026-05-29,0.0,0.9375,0.9375,0.0,0.781021897810219,0.8161764705882353,2026-05-29,0.9780239738467127,0.7549084609200715,0.8679811012175177,,,2026-03-06,0.0,0.0,,0.5,,,,,0.4821978913219789,0.0,0.0,0.0,0.0,0.5006265848002206,0.4502563896683876,liquidity,short,low,tactical,intraday_liquidity_timing,low,shadow,0.0,0.23209312087469616,False,False,False,False
600941.SH,600941,0.02,0.0,0.0744859675195229,0.0,1.0,0.0,0.0,0.3,0.7,99.1,20260529,tushare_snapshot,0.0,,,,,,,,,,,,,,,,False,0.0,0.25754580041431346,0.20554984583761562,0.0,0.25819053991198876,hard_data_only,F,,2026-05-29,1.0,1.0,1.0,0.5,0.6,0.6,2026-05-29,0.09280784598619687,0.14778700110014953,0.3869707432309649,,,2026-03-06,0.0,0.0,,0.5,,,,,0.4358888888888888,0.0,0.0,0.0,0.0,0.2837998150290235,0.34626571118822624,valuation,medium,high,balanced,valuation_reversion,medium,shadow,0.0,0.22820063629891552,False,False,False,False
301277.SZ,301277,0.02,0.0,0.0767514869389135,0.0,1.0,0.0,0.0,0.3,0.7,9.91,20260529,tushare_snapshot,0.0,,,,,,,,,,,,,,,,False,0.0,0.2653791552279996,0.20554984583761562,0.0,0.2562241135244488,hard_data_only,F,,2026-05-29,0.375,0.0625,0.0625,0.5263157894736842,0.5578231292517006,0.6598639455782312,2026-05-29,0.025971667272066835,0.10707471320170836,0.3711611848082864,,,2026-03-06,0.0,0.0,,0.5,,,,,0.42334805267136094,0.0,0.0,0.0,0.0,0.2697583480472646,0.33418791479297744,valuation,medium,high,balanced,valuation_reversion,medium,shadow,0.0,0.22348690247854788,False,False,False,False
600919.SH,600919,0.02,0.0,0.0838995164014765,0.0,1.0,0.0,0.0,0.3,0.7,11.29,20260529,tushare_snapshot,0.0,,,,,,,,,,,,,,,,False,0.0,0.29009448122330694,0.20554984583761562,0.0,0.260700969481361,hard_data_only,F,,2026-05-29,0.96875,0.34375,0.34375,0.4523809523809524,0.8809523809523809,0.5714285714285714,2026-05-29,0.05394115510352343,0.22967217828349612,0.8000181719062329,,,2026-03-06,0.0,0.0,,0.5,,,,,0.3628571428571429,0.0,0.0,0.0,0.0,0.32359733176161143,0.3196950394341801,valuation,medium,high,balanced,valuation_reversion,medium,shadow,0.0,0.220786827259742,False,False,False,False
002594.SZ,002594,0.02,0.0,0.1054303625841247,0.0,1.0,0.0,0.0,0.3,0.7,96.18,20260529,tushare_snapshot,0.0,,,,,,,,,,,,,,,,False,0.0,0.36454043659408464,0.20554984583761562,0.0,0.2775151546755999,hard_data_only,F,,2026-05-29,0.8125,0.1875,0.25,0.8,0.7272727272727273,0.6818181818181818,2026-05-29,0.31293134762077734,0.40309988429518917,0.9239505724150463,,,2026-03-06,0.0,0.0,,0.5,,,,,0.2616161616161616,0.0,0.0,0.0,0.0,0.38512682823878497,0.2851507086710131,liquidity,short,low,tactical,intraday_liquidity_timing,low,shadow,0.0,0.217349853693305,False,False,False,False
002028.SZ,002028,0.02,0.0,0.0941978870252104,0.0,1.0,0.0,0.0,0.3,0.7,202.15,20260529,tushare_snapshot,0.0,,,,,,,,,,,,,,,,False,0.0,0.32570255873881515,0.20554984583761562,0.0,0.26319534202548645,hard_data_only,F,,2026-05-29,0.1875,0.1875,0.1875,0.4389312977099237,0.9159420289855073,0.8236994219653179,2026-05-29,0.3937522702506357,0.3847220259411388,0.6726331092131564,,,2026-03-06,0.0,0.0,,0.5,,,,,0.27907628812930313,0.0,0.0,0.0,0.0,0.3713872387759459,0.28998212731175027,liquidity,short,low,tactical,intraday_liquidity_timing,low,shadow,0.0,0.2123438158071556,False,False,False,False
001213.SZ,001213,0.02,0.0,0.0949279667679434,0.0,1.0,0.0,0.0,0.3,0.7,3.81,20260529,tushare_snapshot,0.0,,,,,,,,,,,,,,,,False,0.0,0.32822691302956347,0.20554984583761562,0.0,0.2612536708761263,hard_data_only,F,,2026-05-29,0.8125,0.1875,0.1875,1.0,0.42857142857142855,0.5714285714285714,2026-05-29,0.0034507809662186707,0.11960645215544354,0.47083409049609304,,,2026-03-06,0.0,0.0,,0.5,,,,,0.3295238095238095,0.0,0.0,0.0,0.0,0.27695408198747123,0.28423680284882297,valuation,medium,high,balanced,valuation_reversion,medium,shadow,0.0,0.20986953092350205,False,False,False,False
301292.SZ,301292,0.02,0.0,0.0770272016356095,0.0,1.0,0.0,0.0,0.3,0.7,70.86,20260529,tushare_snapshot,0.0,,,,,,,,,,,,,,,,False,0.0,0.2663324779089186,0.20554984583761562,0.0,0.24235055209559805,hard_data_only,F,,2026-05-29,0.3333333333333333,0.125,0.125,0.9572192513368984,0.8352941176470589,0.4745098039215686,2026-05-29,0.9496912459135488,0.6798578974094571,0.630110848628021,,,2026-03-06,0.0,0.0,,0.5,,,,,0.23143513567042973,0.0,0.0,0.0,0.0,0.4684154925809319,0.2982332533045761,liquidity,short,low,tactical,intraday_liquidity_timing,low,shadow,0.0,0.20513740651906748,False,False,False,False
600926.SH,600926,0.02,0.0,0.0981459783840764,0.0,1.0,0.0,0.0,0.3,0.7,16.01,20260529,tushare_snapshot,0.0,,,,,,,,,,,,,,,,False,0.0,0.33935364474855884,0.20554984583761562,0.0,0.2565659354361973,hard_data_only,F,,2026-05-29,0.1875,0.1875,0.1875,0.5,0.9285714285714286,0.8571428571428571,2026-05-29,0.08608790410461314,0.2880352453131433,0.9627475922224241,,,2026-03-06,0.0,0.0,,0.5,,,,,0.24317460317460318,0.0,0.0,0.0,0.0,0.34797187424936155,0.261447652507548,liquidity,short,low,tactical,intraday_liquidity_timing,low,shadow,0.0,0.20027011563229968,False,False,False,False
000088.SZ,000088,0.02,0.0,0.0912911113161448,0.0,1.0,0.0,0.0,0.3,0.7,4.47,20260529,tushare_snapshot,0.0,,,,,,,,,,,,,,,,False,0.0,0.31565196932517875,0.20554984583761562,0.0,0.24710646590053792,hard_data_only,F,,2026-05-29,0.1875,0.1875,0.1875,0.5,0.75,1.0,2026-05-29,0.09516890664729385,0.23238105965910086,0.7201526440123569,,,2026-03-06,0.0,0.0,,0.5,,,,,0.26249999999999996,0.0,0.0,0.0,0.0,0.3220789923997678,0.26294843726391637,liquidity,short,low,tactical,intraday_liquidity_timing,low,shadow,0.0,0.19646882823486322,False,False,False,False
300557.SZ,300557,0.0,0.0,0.0,0.0,0.0,1.0,0.0,0.3,0.7,33.58,20260529,tushare_snapshot,0.0,,,,,,,,,,,,,,,,False,0.0,0.0,0.20554984583761562,0.0,0.16498141431303254,hard_data_only,F,,2026-05-29,0.4375,0.4375,0.1875,0.7023809523809523,0.5233644859813084,0.40186915887850466,2026-05-29,0.5474028332727933,0.3678987434717609,0.2673087406868981,,,2026-03-06,0.0,0.0,,0.5,,,,,0.451757528556594,0.0,0.0,0.0,0.0,0.35349754662156224,0.3802433327754551,valuation,medium,high,balanced,valuation_reversion,medium,shadow,0.0,0.1960035744537645,False,False,False,False
601990.SH,601990,0.02,0.0,0.0758293442203992,0.0,1.0,0.0,0.0,0.3,0.7,6.7,20260529,tushare_snapshot,0.0,,,,,,,,,,,,,,,,False,0.0,0.262190715949504,0.20554984583761562,0.0,0.2296606484603263,hard_data_only,F,,2026-05-29,0.75,0.125,0.75,0.7,0.62,0.8163265306122449,2026-05-29,0.04794769342535416,0.19196272693182775,0.6623659821915319,,,2026-03-06,0.0,0.0,,0.5,,,,,0.29351020408163264,0.0,0.0,0.0,0.0,0.3068631173871424,0.27483643654508555,liquidity,short,low,tactical,intraday_liquidity_timing,low,shadow,0.0,0.19227763496443592,False,False,False,False
601665.SH,601665,0.02,0.0,0.0723714002315002,0.0,1.0,0.0,0.0,0.3,0.7,6.08,20260529,tushare_snapshot,0.0,,,,,,,,,,,,,,,,False,0.0,0.25023438401120385,0.20554984583761562,0.0,0.2209304870239318,hard_data_only,F,,2026-05-29,0.8125,0.1875,0.8125,0.6428571428571429,0.8333333333333334,0.7142857142857143,2026-05-29,0.06356701779876499,0.22190534516093624,0.7477739414864619,,,2026-03-06,0.0,0.0,,0.5,,,,,0.26968253968253963,0.0,0.0,0.0,0.0,0.31942647634635424,0.2660157537069097,liquidity,short,low,tactical,intraday_liquidity_timing,low,shadow,0.0,0.185423038123738,False,False,False,False
688618.SH,688618,0.0,0.0,0.0,0.0,0.0,0.0,1.0,0.3,0.7,35.75,20260529,tushare_snapshot,0.0,,,,,,,,,,,,trend_capex,0.0402,False,watch,False,0.0,0.0,0.4121274409044193,0.0,0.15228844314769688,hard_data_only,F,,2026-05-29,0.6875,0.625,0.625,0.6282051282051282,0.48175182481751827,0.7058823529411765,2026-05-29,0.5705593897566291,0.3662336138482467,0.20970379792840269,,,2026-03-06,0.0,0.0,,0.5,,,,,0.4004039553309626,0.0,0.0,0.0,0.0,0.35119683667666163,0.35065707618893727,valuation,medium,high,balanced,valuation_reversion,medium,shadow,0.0,0.18075278227462008,False,False,False,False
002966.SZ,002966,0.02,0.0,0.0779408803329596,0.0,1.0,0.0,0.0,0.3,0.7,8.15,20260529,tushare_snapshot,0.0,,,,,,,,,,,,,,,,False,0.0,0.2694916516334039,0.20554984583761562,0.0,0.22177687045716113,hard_data_only,F,,2026-05-29,0.1875,0.1875,0.1875,0.7619047619047619,0.7142857142857143,0.8333333333333334,2026-05-29,0.08844896476571014,0.2447217988748204,0.7842994730147193,,,2026-03-06,0.0,0.0,,0.5,,,,,0.2337037037037037,0.0,0.0,0.0,0.0,0.3281342992640164,0.24900242180911997,liquidity,short,low,tactical,intraday_liquidity_timing,low,shadow,0.0,0.18037023229412197,False,False,False,False
601628.SH,601628,0.02,0.0,0.1100951024848423,0.0,1.0,0.0,0.0,0.3,0.7,33.83,20260529,tushare_snapshot,0.0,,,,,,,,,,,,,,,,False,0.0,0.3806694366119741,0.20554984583761562,0.0,0.24294707049798347,hard_data_only,F,,2026-05-29,0.1875,0.1875,0.1875,0.6,1.0,1.0,2026-05-29,0.002361060661096985,0.19033183795200967,0.7561330183536253,,,2026-03-06,0.0,0.0,,0.5,,,,,0.13999999999999999,0.0,0.0,0.0,0.0,0.30916191950596483,0.18969829102214733,liquidity,short,low,tactical,intraday_liquidity_timing,low,shadow,0.0,0.1712603285458144,False,False,False,False
601059.SH,601059,0.02,0.0,0.087422188962314,0.0,1.0,0.0,0.0,0.3,0.7,17.2,20260529,tushare_snapshot,0.0,,,,,,,,,,,,,,,,False,0.0,0.302274621382467,0.20554984583761562,0.0,0.22072311735799155,hard_data_only,F,,2026-05-29,0.3125,0.375,0.625,0.68,0.92,0.8775510204081632,2026-05-29,0.028514347984017436,0.21920824120040458,0.8141013992367799,,,2026-03-06,0.0,0.0,,0.5,,,,,0.17700680272108837,0.0,0.0,0.0,0.0,0.3205383982768386,0.2145176329034714,liquidity,short,low,tactical,intraday_liquidity_timing,low,shadow,0.0,0.16892216521247305,False,False,False,False
002463.SZ,002463,0.0,0.0,0.0,0.0,0.0,0.0,1.0,0.3,0.7,132.04,20260529,tushare_snapshot,0.0,,,,,,,,,,,,trend_capex,-0.04,False,exit,False,0.0,0.0,0.0,0.0,0.14226633013716544,hard_data_only,F,,2026-05-29,0.9375,0.9375,0.9375,0.3392070484581498,0.8957654723127035,0.7980456026058632,2026-05-29,0.7341082455503087,0.4887813413401494,0.34008722514991824,,,2026-03-06,0.0,0.0,,0.5,,,,,0.3287947244982071,0.0,0.0,0.0,0.0,0.3959724766099734,0.32667513729858644,liquidity,short,low,tactical,intraday_liquidity_timing,low,shadow,0.0,0.16839084101313762,False,False,False,False
601318.SH,601318,0.0,0.0,0.0,0.0,0.0,1.0,1.0,0.3,0.7,53.5,20260529,tushare_snapshot,0.5073,watch,policy_supply_chain,macro_style,825c450eed7d43f18abd235a5d7f2198,"['event_type:policy_supply_chain', 'event_strength:0.966', 'mechanism_group:macro_style', 'mechanism_fit:0.495', 'mechanism_state:0.151', 'router_allow_entry:true', 'expectation:model:market_implied_trailing_profit', 'risk_budget:0.900', 'new_position_policy:selective']","['mechanism_group:macro_style', 'mechanism_fit:0.495', 'mechanism_state:0.151', 'router_allow_entry:true']",expectation:model:market_implied_trailing_profit,['expectation:model:market_implied_trailing_profit'],"['event_type:policy_supply_chain', 'event_strength:0.966', 'mechanism_group:macro_style', 'mechanism_fit:0.495', 'mechanism_state:0.151', 'router_allow_entry:true', 'expectation:model:market_implied_trailing_profit', 'risk_budget:0.900', 'new_position_policy:selective']",earnings_soft_gate,,macro_style,0.1514,True,entry,True,0.0,0.0,0.9835560123329908,0.9988186650915534,0.1311950725552131,hard_data_only,B,,2026-05-29,0.1875,0.1875,0.1875,1.0,0.4,0.6,2026-05-29,0.11205957137667999,0.2382864077243737,0.7066145738687989,,,2026-03-06,0.0,0.0,,0.5,,,,,0.3308888888888889,0.0,0.0,0.0,0.0,0.32363587013674844,0.30180669102700725,valuation,medium,high,balanced,valuation_reversion,medium,shadow,0.0,0.1555719328556622,False,False,False,False
300308.SZ,300308,0.0,0.0,0.0,0.0,0.0,0.0,1.0,0.3,0.7,1161.16,20260529,tushare_snapshot,0.0,,,,,,,,,,,,trend_capex,0.0977,False,watch,False,0.0,0.0,0.7076053442959918,0.0,0.12268697649441972,hard_data_only,F,,2026-05-29,0.9375,0.9375,0.9375,0.41025641025641024,0.948905109489051,0.9117647058823529,2026-05-29,0.4858336360334181,0.43997789832828366,0.6910775940396148,,,2026-03-06,0.0,0.0,,0.5,,,,,0.2509601347557552,0.0,0.0,0.0,0.0,0.39035340095649046,0.28106489980755944,liquidity,short,low,tactical,intraday_liquidity_timing,low,shadow,0.0,0.14488018662592292,False,False,False,False
601099.SH,601099,0.02,0.0,0.0816941398423688,0.0,1.0,0.0,0.0,0.3,0.7,3.36,20260529,tushare_snapshot,0.0,,,,,,,,,,,,,,,,False,0.0,0.28246907888183254,0.20554984583761562,0.0,0.187351514342115,hard_data_only,F,,2026-05-29,0.75,0.125,0.75,0.98,0.9,0.9387755102040817,2026-05-29,0.30294224482382853,0.2994775840988626,0.5314373977830275,,,2026-03-06,0.0,0.0,,0.5,,,,,0.060503401360544204,0.0,0.0,0.0,0.0,0.338710530532592,0.15581769575363788,liquidity,short,low,tactical,intraday_liquidity_timing,low,shadow,0.0,0.13484131513763256,False,False,False,False
600515.SH,600515,0.02,0.0,0.0974692242850158,0.0,1.0,0.0,0.0,0.3,0.7,3.21,20260529,tushare_snapshot,0.0,,,,,,,,,,,,,,,,False,0.0,0.33701367143639704,0.20554984583761562,0.0,0.20023729179887476,hard_data_only,F,,2026-05-29,0.8125,0.1875,0.1875,1.0,1.0,1.0,2026-05-29,0.22457319288049402,0.3498463482158363,0.9053243685262584,,,2026-03-06,0.0,0.0,,0.5,,,,,0.0,0.0,0.0,0.0,0.0,0.3668221862224249,0.13205598704007296,liquidity,short,low,tactical,intraday_liquidity_timing,low,shadow,0.0,0.13312108767970288,False,False,False,False
601398.SH,601398,0.0,0.0,0.0,0.0,0.0,1.0,1.0,0.3,0.7,7.22,20260529,tushare_snapshot,0.507,watch,policy_supply_chain,macro_style,825c450eed7d43f18abd235a5d7f2198,"['event_type:policy_supply_chain', 'event_strength:0.966', 'mechanism_group:macro_style', 'mechanism_fit:0.495', 'mechanism_state:0.150', 'router_allow_entry:true', 'expectation:model:market_implied_trailing_profit', 'risk_budget:0.900', 'new_position_policy:selective']","['mechanism_group:macro_style', 'mechanism_fit:0.495', 'mechanism_state:0.150', 'router_allow_entry:true']",expectation:model:market_implied_trailing_profit,['expectation:model:market_implied_trailing_profit'],"['event_type:policy_supply_chain', 'event_strength:0.966', 'mechanism_group:macro_style', 'mechanism_fit:0.495', 'mechanism_state:0.150', 'router_allow_entry:true', 'expectation:model:market_implied_trailing_profit', 'risk_budget:0.900', 'new_position_policy:selective']",earnings_soft_gate,,macro_style,0.1497,True,hold,True,0.0,0.0,0.9748201438848921,0.9982279976373302,0.10308568073504312,hard_data_only,B,,2026-05-29,0.1875,0.1875,0.1875,0.8333333333333334,0.6428571428571429,0.9047619047619048,2026-05-29,0.0009081002542680712,0.22742113422398338,0.9076867163365437,,,2026-03-06,0.0,0.0,,0.5,,,,,0.2121164021164021,0.0,0.0,0.0,0.0,0.3261109014194164,0.2361851096961751,liquidity,short,low,tactical,intraday_liquidity_timing,low,shadow,0.0,0.12174605507295573,False,False,False,False
600036.SH,600036,0.0,0.0,0.0,0.0,0.0,1.0,1.0,0.3,0.7,38.01,20260529,tushare_snapshot,0.5079,watch,policy_supply_chain,macro_style,825c450eed7d43f18abd235a5d7f2198,"['event_type:policy_supply_chain', 'event_strength:0.966', 'mechanism_group:macro_style', 'mechanism_fit:0.497', 'mechanism_state:0.155', 'router_allow_entry:true', 'expectation:model:market_implied_trailing_profit', 'risk_budget:0.900', 'new_position_policy:selective']","['mechanism_group:macro_style', 'mechanism_fit:0.497', 'mechanism_state:0.155', 'router_allow_entry:true']",expectation:model:market_implied_trailing_profit,['expectation:model:market_implied_trailing_profit'],"['event_type:policy_supply_chain', 'event_strength:0.966', 'mechanism_group:macro_style', 'mechanism_fit:0.497', 'mechanism_state:0.155', 'router_allow_entry:true', 'expectation:model:market_implied_trailing_profit', 'risk_budget:0.900', 'new_position_policy:selective']",earnings_soft_gate,,macro_style,0.1546,True,entry,True,0.0,0.0,1.0,1.0,0.09860004393851621,hard_data_only,B,,2026-05-29,0.375,0.375,0.375,0.6904761904761905,0.9523809523809523,0.8095238095238095,2026-05-29,0.06683617871413004,0.27294924955571903,0.94475740505179,,,2026-03-06,0.0,0.0,,0.5,,,,,0.1825661375661376,0.0,0.0,0.0,0.0,0.34240106826651984,0.2255014216129842,liquidity,short,low,tactical,intraday_liquidity_timing,low,shadow,0.0,0.11623894719713902,False,False,False,False
