ts_code,code,portfolio_weight,portfolio_seed_weight,score_seed,source_latest_portfolio,source_latest_scores,source_integrated_thesis,source_router,target_exposure,cash_buffer,price,price_date,price_source,integrated_thesis_score,integrated_thesis_state,primary_event_type,primary_mechanism_group,primary_event_fact_id,primary_reason_chain,mechanism_reason_chain,earnings_reason,earnings_reason_chain,thesis_reason_chain,thesis_gate_stage,thesis_reject_reason,mechanism_primary,router_final_score,router_allow_entry,router_signal_state,event_fact_backed,seed_weight_norm,pred_score_norm,router_score_norm,thesis_score_norm,selection_score,candidate_pool_basis,candidate_tier,industry,valuation_trade_date,pe_pct_1y,pb_pct_1y,ps_pct_1y,pe_pct_industry,pb_pct_industry,ps_pct_industry,crowding_trade_date,turnover_pct_rank,crowding_score,fund_exposure_proxy,northbound_holding_change,margin_balance_change,revision_trade_date,eps_revision_7d,eps_revision_30d,analyst_count,revision_score,fact_contract_count,fact_contract_amount,fact_government_contracts,has_bid_award,has_new_order,valuation_signal_score,revision_signal_score,order_flow_signal_score,event_drive_signal_score,industry_signal_score,liquidity_signal_score,data_activation_score,activation_alpha_family,alpha_family_horizon,alpha_family_capacity,alpha_family_style,alpha_family_objective,alpha_family_risk_budget,alpha_family_default_state,activation_llm_boost,alpha_activation_priority,llm_symbol_favored,llm_symbol_blocked,llm_mechanism_favored,llm_event_favored
688496.SH,688496,0.05,0.05,0.0081711438810406,1.0,1.0,0.0,0.0,0.3,0.7,0.97,20260529,tushare_snapshot,0.0,,,,,,,,,,,,,,,,False,1.0,0.9579551528262502,0.20554984583761562,0.0,0.890869976197822,hard_data_only,F,,2026-05-29,0.0,0.0625,0.0625,0.0,0.003257328990228013,0.029315960912052116,2026-05-29,0.8567017798764983,0.6102919211454123,0.5564237688533528,,,2026-03-06,0.0,0.0,,0.5,,,,,,0.9912116237913258,0.0,0.0,0.0,0.0,0.4414876393804922,0.7140140595001196,valuation,medium,high,balanced,valuation_reversion,medium,shadow,0.0,0.6356791980684834,False,False,False,False
301139.SZ,301139,0.02,0.0,0.0084143073705716,0.0,1.0,0.0,0.0,0.3,0.7,4.31,20260529,tushare_snapshot,0.0,,,,,,,,,,,,,,,,False,0.0,0.9742129631863947,0.20554984583761562,0.0,0.7163122118284674,hard_data_only,F,,2026-05-29,0.0,0.0625,0.0625,0.0,0.0072992700729927005,0.007352941176470588,2026-05-29,0.9936432982201235,0.5925241665560489,0.18408141013992368,,,2026-03-06,0.0,0.0,,0.5,,,,,,0.9964117909075234,0.0,0.0,0.0,0.0,0.4250246092023504,0.7109994622210593,valuation,medium,high,balanced,valuation_reversion,medium,shadow,0.0,0.5545405322215282,False,False,False,False
300430.SZ,300430,0.05,0.05,0.0017110579352356,1.0,1.0,0.0,0.0,0.3,0.7,5.17,20260529,tushare_snapshot,0.0,,,,,,,,,,,,,,,,False,1.0,0.5260364777829606,0.20554984583761562,0.0,0.6986949253934733,hard_data_only,F,,2026-05-29,0.0,0.125,0.125,0.0,0.009345794392523364,0.12149532710280374,2026-05-29,0.8269160915365056,0.5554989257584889,0.4027803016536435,,,2026-03-06,0.0,0.0,,0.5,,,,,,0.9613179777761425,0.0,0.0,0.0,0.0,0.4190205628647237,0.6891854701859403,valuation,medium,high,balanced,valuation_reversion,medium,shadow,0.0,0.5395119337363476,False,False,False,False
600180.SH,600180,0.05,0.05,0.0,1.0,1.0,0.0,0.0,0.3,0.7,1.34,20260529,tushare_snapshot,0.0,,,,,,,,,,,,,,,,False,1.0,0.4116358517681971,0.20554984583761562,0.0,0.660491791177641,hard_data_only,F,,2026-05-29,0.0,0.15625,0.15625,0.0,0.021739130434782608,0.13043478260869565,2026-05-29,0.8723211042499092,0.7242114610536049,0.9777394148646193,,,2026-03-06,0.0,0.0,,0.5,,,,,,0.9542879150975693,0.0,0.0,0.0,0.0,0.491097711322385,0.7111964085306974,valuation,medium,high,balanced,valuation_reversion,medium,shadow,0.0,0.528776287860884,False,False,False,False
600370.SH,600370,0.05,0.05,0.0,1.0,1.0,0.0,0.0,0.3,0.7,1.42,20260529,tushare_snapshot,0.0,,,,,,,,,,,,,,,,False,1.0,0.4116358517681971,0.20554984583761562,0.0,0.6510648470452394,hard_data_only,F,,2026-05-29,0.0,0.1875,0.1875,0.0,0.06274509803921569,0.00392156862745098,2026-05-29,0.5713766799854704,0.4688773811517398,0.6184808286389242,,,2026-03-06,0.0,0.0,,0.5,,,,,,0.9780392156862745,0.0,0.0,0.0,0.0,0.39655235961181645,0.6904608102445677,valuation,medium,high,balanced,valuation_reversion,medium,shadow,0.0,0.5180877338950506,False,False,False,False
000725.SZ,000725,0.02,0.0,0.0046308495930905,0.0,1.0,0.0,0.0,0.3,0.7,5.11,20260529,tushare_snapshot,0.0,,,,,,,,,,,,,,,,False,0.0,0.7212525406717322,0.20554984583761562,0.0,0.5975521046452363,hard_data_only,F,,2026-05-29,0.875,0.875,0.875,0.07488986784140969,0.016286644951140065,0.04234527687296417,2026-05-29,0.9206320377769706,0.5408288128543828,0.13792476830819553,,,2026-03-06,0.0,0.0,,0.5,,,,,,0.9565157257163801,0.0,0.0,0.0,0.0,0.40663914619485997,0.6820388990313225,valuation,medium,high,balanced,valuation_reversion,medium,shadow,0.0,0.49078586899721083,False,False,False,False
300532.SZ,300532,0.05,0.05,0.0,1.0,1.0,0.0,0.0,0.3,0.7,6.97,20260529,tushare_snapshot,0.0,,,,,,,,,,,,,,,,False,1.0,0.4116358517681971,0.20554984583761562,0.0,0.6257467079870721,hard_data_only,F,,2026-05-29,0.0625,0.0625,0.0625,0.021897810218978103,0.1897810218978102,0.07553956834532374,2026-05-29,0.27569923719578643,0.31979285776097166,0.6726331092131564,,,2026-03-06,0.0,0.0,,0.5,,,,,,0.9043424206551192,0.0,0.0,0.0,0.0,0.348859183045005,0.6320210614630686,valuation,medium,high,balanced,valuation_reversion,medium,shadow,0.0,0.4879638667183499,False,False,False,False
300068.SZ,300068,0.05,0.05,0.0,1.0,1.0,0.0,0.0,0.3,0.7,4.43,20260529,tushare_snapshot,0.0,,,,,,,,,,,,,,,,False,1.0,0.4116358517681971,0.20554984583761562,0.0,0.6175542351546408,hard_data_only,F,,2026-05-29,0.0,0.8125,0.1875,0.0,0.5362318840579711,0.031791907514450865,2026-05-29,0.8490737377406465,0.6245182679143609,0.630110848628021,,,2026-03-06,0.0,0.0,,0.5,,,,,,0.8039248211905152,0.0,0.0,0.0,0.0,0.44828262703921445,0.6115796456008058,valuation,medium,high,balanced,valuation_reversion,medium,shadow,0.0,0.4774269546135283,False,False,False,False
688622.SH,688622,0.05,0.05,0.0087999968156664,1.0,1.0,0.0,0.0,0.3,0.7,116.98,20260529,tushare_snapshot,0.0,,,,,,,,,,,,,,,,False,1.0,1.0,0.20554984583761562,0.0,0.7579382939114234,hard_data_only,F,,2026-05-29,0.0,1.0,1.0,0.0,0.9813084112149533,0.9906542056074766,2026-05-29,0.6427533599709407,0.5949735520545244,0.965836816282028,,,2026-03-06,0.0,0.0,,0.5,,,,,,0.359356832732357,0.0,0.0,0.0,0.0,0.44807908784786055,0.3625482979553497,liquidity,short,low,tactical,intraday_liquidity_timing,low,shadow,0.0,0.46262505608908666,False,False,False,False
600611.SH,600611,0.05,0.05,0.0,1.0,1.0,0.0,0.0,0.3,0.7,4.73,20260529,tushare_snapshot,0.0,,,,,,,,,,,,,,,,False,1.0,0.4116358517681971,0.20554984583761562,0.0,0.6037552389720141,hard_data_only,F,,2026-05-29,0.0,0.875,0.875,0.0,0.14285714285714285,0.5714285714285714,2026-05-29,0.9128223755902651,0.5232225773360487,0.08468108304561149,,,2026-03-06,0.0,0.0,,0.5,,,,,,0.7790776152980876,0.0,0.0,0.0,0.0,0.39930970973643964,0.5800349600720474,valuation,medium,high,balanced,valuation_reversion,medium,shadow,0.0,0.46116665341764174,False,False,False,False
002726.SZ,002726,0.05,0.05,0.0,1.0,1.0,0.0,0.0,0.3,0.7,1.71,20260529,tushare_snapshot,0.0,,,,,,,,,,,,,,,,False,1.0,0.4116358517681971,0.20554984583761562,0.0,0.6039248333693985,hard_data_only,F,,2026-05-29,0.0,0.1875,0.1875,0.0,0.75,0.010752688172043012,2026-05-29,0.818743189248093,0.6597399734213594,0.837724877339633,,,2026-03-06,0.0,0.0,,0.5,,,,,,0.7354425958851918,0.0,0.0,0.0,0.0,0.4658222038394357,0.5795438470779043,valuation,medium,high,balanced,valuation_reversion,medium,shadow,0.0,0.4609134999918865,False,False,False,False
300010.SZ,300010,0.05,0.05,0.0,1.0,1.0,0.0,0.0,0.3,0.7,2.81,20260529,tushare_snapshot,0.0,,,,,,,,,,,,,,,,False,1.0,0.4116358517681971,0.20554984583761562,0.0,0.5992642234587422,hard_data_only,F,,2026-05-29,0.0,0.1875,0.1875,0.0,0.3795620437956204,0.37050359712230213,2026-05-29,0.5543043952052307,0.4849055783659661,0.7201526440123569,,,2026-03-06,0.0,0.0,,0.5,,,,,,0.7567457052232804,0.0,0.0,0.0,0.0,0.40473872789070053,0.5694835369656892,valuation,medium,high,balanced,valuation_reversion,medium,shadow,0.0,0.4557277240107151,False,False,False,False
603359.SH,603359,0.05,0.05,0.0,1.0,1.0,0.0,0.0,0.3,0.7,2.84,20260529,tushare_snapshot,0.0,,,,,,,,,,,,,,,,False,1.0,0.4116358517681971,0.20554984583761562,0.0,0.5894691347852785,hard_data_only,F,,2026-05-29,0.0,0.1875,0.1875,0.0,0.18253968253968253,0.7874015748031497,2026-05-29,0.6767163094805666,0.5555030743393343,0.7332364165000909,,,2026-03-06,0.0,0.0,,0.5,,,,,,0.7001417391723672,0.0,0.0,0.0,0.0,0.4284253727579227,0.5463125081293778,valuation,medium,high,balanced,valuation_reversion,medium,shadow,0.0,0.44378378158169635,False,False,False,False
000078.SZ,000078,0.05,0.05,0.0,1.0,1.0,0.0,0.0,0.3,0.7,1.68,20260529,tushare_snapshot,0.0,,,,,,,,,,,,,,,,False,1.0,0.4116358517681971,0.20554984583761562,0.0,0.5818793509065521,hard_data_only,F,,2026-05-29,0.0,0.1875,0.1875,0.0,0.8378378378378378,0.10810810810810811,2026-05-29,0.7521794406102433,0.5429690903003804,0.5170815918589861,,,2026-03-06,0.0,0.0,,0.5,,,,,,0.675377739944669,0.0,0.0,0.0,0.0,0.41813522235743006,0.5287402144176895,valuation,medium,high,balanced,valuation_reversion,medium,shadow,0.0,0.43472581242888475,False,False,False,False
688201.SH,688201,0.05,0.05,0.0,1.0,1.0,0.0,0.0,0.3,0.7,8.13,20260529,tushare_snapshot,0.0,,,,,,,,,,,,,,,,False,1.0,0.4116358517681971,0.20554984583761562,0.0,0.5780918516999505,hard_data_only,F,,2026-05-29,0.71875,0.09375,0.09375,0.41605839416058393,0.08394160583941605,0.30935251798561153,2026-05-29,0.2715219760261533,0.22722641990542558,0.311557332364165,,,2026-03-06,0.0,0.0,,0.5,,,,,,0.7330099699767744,0.0,0.0,0.0,0.0,0.30801500726801173,0.5213709858034778,valuation,medium,high,balanced,valuation_reversion,medium,shadow,0.0,0.4309272049981914,False,False,False,False
688022.SH,688022,0.05,0.05,0.0,1.0,1.0,0.0,0.0,0.3,0.7,9.3,20260529,tushare_snapshot,0.0,,,,,,,,,,,,,,,,False,1.0,0.4116358517681971,0.20554984583761562,0.0,0.5713564427326703,hard_data_only,F,,2026-05-29,0.625,0.125,0.125,0.5185185185185185,0.22377622377622378,0.1527777777777778,2026-05-29,0.3681438430802761,0.2732132587059636,0.282936580047247,,,2026-03-06,0.0,0.0,,0.5,,,,,,0.6953641630314858,0.0,0.0,0.0,0.0,0.32238741164044316,0.5054633994881916,valuation,medium,high,balanced,valuation_reversion,medium,shadow,0.0,0.4227273405693544,False,False,False,False
600309.SH,600309,0.0,0.0,0.0,0.0,0.0,0.0,1.0,0.3,0.7,73.45,20260529,tushare_snapshot,0.0,,,,,,,,,,,,price_inventory,-0.0048,True,watch,False,0.0,0.4116358517681971,0.18088386433710177,0.0,0.4173716949486593,hard_data_only,F,,2026-05-29,0.0625,0.0625,0.0625,0.058823529411764705,0.32941176470588235,0.13333333333333333,2026-05-29,0.08645114420632037,0.16128154744903864,0.4549336725422497,,,2026-03-17,3.0,3.0,1.0,1.0,,,,,,0.8251412691060676,1.0,0.0,0.0,0.0,0.29031707887850167,0.6465932590956585,revision,swing,mid,balanced,expectation_repricing,medium,live,0.0,0.4127525639453838,False,False,False,False
603799.SH,603799,0.0,0.0,0.0,0.0,0.0,0.0,1.0,0.3,0.7,54.8,20260529,tushare_snapshot,0.0,,,,,,,,,,,,price_inventory,-0.003,True,watch,False,0.0,0.4116358517681971,0.19013360739979446,0.0,0.45045940156992137,hard_data_only,F,,2026-05-29,0.0625,0.0625,0.0625,0.03571428571428571,0.09090909090909091,0.1044776119402985,2026-05-29,0.5021794406102433,0.3469328373474456,0.282936580047247,,,2026-03-06,0.0,0.0,,0.5,,,,,,0.9253962382076731,0.0,0.0,0.0,0.0,0.34673279160898146,0.6430456983755303,valuation,medium,high,balanced,valuation_reversion,medium,shadow,0.0,0.41092390707805215,False,False,False,False
601688.SH,601688,0.0,0.0,0.0,0.0,0.0,1.0,1.0,0.3,0.7,18.18,20260529,tushare_snapshot,0.4981,watch,policy_supply_chain,macro_style,825c450eed7d43f18abd235a5d7f2198,"['event_type:policy_supply_chain', 'event_strength:0.966', 'mechanism_group:macro_style', 'mechanism_fit:0.476', 'mechanism_state:0.103', 'router_allow_entry:true', 'expectation:model:market_implied_trailing_profit', 'risk_budget:0.900', 'new_position_policy:selective']","['mechanism_group:macro_style', 'mechanism_fit:0.476', 'mechanism_state:0.103', 'router_allow_entry:true']",expectation:model:market_implied_trailing_profit,['expectation:model:market_implied_trailing_profit'],"['event_type:policy_supply_chain', 'event_strength:0.966', 'mechanism_group:macro_style', 'mechanism_fit:0.476', 'mechanism_state:0.103', 'router_allow_entry:true', 'expectation:model:market_implied_trailing_profit', 'risk_budget:0.900', 'new_position_policy:selective']",earnings_soft_gate,,macro_style,0.1033,True,hold,True,0.0,0.4116358517681971,0.736382322713258,0.9807048631620398,0.4358617928724064,hard_data_only,B,,2026-05-29,0.125,0.1875,0.125,0.02,0.22,0.1836734693877551,2026-05-29,0.280602978568834,0.32485226332643313,0.6820825004542976,,,2026-03-06,0.0,0.0,,0.5,,,,,,0.8618621243773098,0.0,0.0,0.0,0.0,0.35079890799505814,0.6089303965295145,valuation,medium,high,balanced,valuation_reversion,medium,shadow,0.0,0.39333853337384866,False,False,False,False
301082.SZ,301082,0.05,0.05,0.0,1.0,1.0,0.0,0.0,0.3,0.7,10.44,20260529,tushare_snapshot,0.0,,,,,,,,,,,,,,,,False,1.0,0.4116358517681971,0.20554984583761562,0.0,0.5468922566016063,hard_data_only,F,,2026-05-29,0.0625,0.0625,0.0625,0.6564885496183206,0.43768115942028984,0.17630057803468208,2026-05-29,0.4275335997094079,0.37720235681636916,0.5682355079047792,,,2026-03-06,0.0,0.0,,0.5,,,,,,0.5651233017591115,0.0,0.0,0.0,0.0,0.36484754022985494,0.44781416346785025,valuation,medium,high,balanced,valuation_reversion,medium,shadow,0.0,0.39301095805703223,False,False,False,False
600303.SH,600303,0.05,0.05,0.0,1.0,1.0,0.0,0.0,0.3,0.7,3.23,20260529,tushare_snapshot,0.0,,,,,,,,,,,,,,,,False,1.0,0.4116358517681971,0.20554984583761562,0.0,0.5468297673240822,hard_data_only,F,,2026-05-29,0.0,0.6875,0.6875,0.0,0.5909090909090909,0.8181818181818182,2026-05-29,0.8972030512168543,0.500571436482917,0.028439033254588405,,,2026-03-06,0.0,0.0,,0.5,,,,,,0.54794201861131,0.0,0.0,0.0,0.0,0.39022890696703166,0.44732993693046497,valuation,medium,high,balanced,valuation_reversion,medium,shadow,0.0,0.3927613543848781,False,False,False,False
300352.SZ,300352,0.05,0.05,0.0,1.0,1.0,0.0,0.0,0.3,0.7,3.11,20260529,tushare_snapshot,0.0,,,,,,,,,,,,,,,,False,1.0,0.4116358517681971,0.20554984583761562,0.0,0.5439509167824078,hard_data_only,F,,2026-05-29,0.0,0.1875,0.1875,0.0,0.572992700729927,0.8129496402877698,2026-05-29,0.533418089357065,0.38226328550837013,0.35553334544793747,,,2026-03-06,0.0,0.0,,0.5,,,,,,0.555788588279902,0.0,0.0,0.0,0.0,0.3604662365786784,0.44100945460506935,valuation,medium,high,balanced,valuation_reversion,medium,shadow,0.0,0.38950334294518524,False,False,False,False
300663.SZ,300663,0.05,0.05,0.0,1.0,1.0,0.0,0.0,0.3,0.7,7.77,20260529,tushare_snapshot,0.0,,,,,,,,,,,,,,,,False,1.0,0.4116358517681971,0.20554984583761562,0.0,0.5418922445725584,hard_data_only,F,,2026-05-29,0.0,0.6875,0.0625,0.0,0.8978102189781022,0.45323741007194246,2026-05-29,0.6037050490374137,0.38126092797911837,0.19689260403416317,,,2026-03-06,0.0,0.0,,0.5,,,,,,0.5504409829226107,0.0,0.0,0.0,0.0,0.35562094330305666,0.4362704900257624,valuation,medium,high,balanced,valuation_reversion,medium,shadow,0.0,0.3870605545602474,False,False,False,False
002630.SZ,002630,0.02,0.0,-0.0039717223754376,0.0,1.0,0.0,0.0,0.3,0.7,1.63,20260529,tushare_snapshot,0.0,,,,,,,,,,,,,,,,False,0.0,0.1460881360829642,0.20554984583761562,0.0,0.35810981080256604,hard_data_only,F,,2026-05-29,0.0,0.0,0.6875,0.0,0.0,0.05555555555555555,2026-05-29,0.5793679622230294,0.42829711845581175,0.43857895693258225,,,2026-03-06,0.0,0.0,,0.5,,,,,,0.9844488188976377,0.0,0.0,0.0,0.0,0.3780317319518002,0.6873827620853252,valuation,medium,high,balanced,valuation_reversion,medium,shadow,0.0,0.3825222855150808,False,False,False,False
600491.SH,600491,0.02,0.0,-0.0050591728263315,0.0,1.0,0.0,0.0,0.3,0.7,1.33,20260529,tushare_snapshot,0.0,,,,,,,,,,,,,,,,False,0.0,0.07338164860498797,0.20554984583761562,0.0,0.3291942423648477,hard_data_only,F,,2026-05-29,0.0,0.1875,0.1875,0.0,0.007936507936507936,0.1968503937007874,2026-05-29,0.7539048310933527,0.6288490018224053,0.8568053788842449,,,2026-03-06,0.0,0.0,,0.5,,,,,,0.9391157060091897,0.0,0.0,0.0,0.0,0.45616362817842004,0.6901237015093774,valuation,medium,high,balanced,valuation_reversion,medium,shadow,0.0,0.3699013550376935,False,False,False,False
000100.SZ,000100,0.02,0.0,-0.0051615724084525,0.0,1.0,0.0,0.0,0.3,0.7,4.28,20260529,tushare_snapshot,0.0,,,,,,,,,,,,,,,,False,0.0,0.06653525488736117,0.20554984583761562,0.0,0.32678100823772027,hard_data_only,F,,2026-05-29,0.125,0.125,0.1875,0.004405286343612335,0.019543973941368076,0.009771986970684038,2026-05-29,0.7962223029422448,0.46992753647104224,0.12802107941123023,,,2026-03-06,0.0,0.0,,0.5,,,,,,0.9898557234543618,0.0,0.0,0.0,0.0,0.38294267222488604,0.6921785671354016,valuation,medium,high,balanced,valuation_reversion,medium,shadow,0.0,0.3696390838979789,False,False,False,False
301360.SZ,301360,0.05,0.05,0.0025837606856934,1.0,1.0,0.0,0.0,0.3,0.7,87.7,20260529,tushare_snapshot,0.0,,,,,,,,,,,,,,,,False,1.0,0.5843850228095386,0.20554984583761562,0.0,0.5725839974596418,hard_data_only,F,,2026-05-29,1.0,1.0,1.0,0.7083333333333334,0.6398601398601399,0.8229166666666666,2026-05-29,0.9433345441336723,0.7485041791753915,0.9186807196074869,,,2026-03-06,0.0,0.0,,0.5,,,,,,0.2814664379255914,0.0,0.0,0.0,0.0,0.49743964235933513,0.33669947648769183,liquidity,short,low,tactical,intraday_liquidity_timing,low,shadow,0.0,0.3690788321074737,False,False,False,False
603313.SH,603313,0.02,0.0,-0.0057078593335847,0.0,1.0,0.0,0.0,0.3,0.7,5.7,20260529,tushare_snapshot,0.0,,,,,,,,,,,,,,,,False,0.0,0.03001073696669899,0.20554984583761562,0.0,0.31311452333401896,hard_data_only,F,,2026-05-29,0.0,0.1875,0.1875,0.0,0.05714285714285714,0.028169014084507043,2026-05-29,0.4978205593897566,0.5093773570919511,0.9423041977103398,,,2026-03-06,0.0,0.0,,0.5,,,,,,0.9726971276477764,0.0,0.0,0.0,0.0,0.41914189482836917,0.6956014736209677,valuation,medium,high,balanced,valuation_reversion,medium,shadow,0.0,0.36435352645391333,False,False,False,False
600745.SH,600745,0.02,0.0,-0.0039118394642612,0.0,1.0,0.0,0.0,0.3,0.7,20.67,20260529,tushare_snapshot,0.0,,,,,,,,,,,,,,,,False,0.0,0.1500918827621924,0.20554984583761562,0.0,0.3388068829638321,hard_data_only,F,,2026-05-29,0.0,0.1875,0.8125,0.0,0.005154639175257732,0.010309278350515464,2026-05-29,0.027606247729749366,0.015228866016944563,0.00018171906232963838,,,2026-03-06,0.0,0.0,,0.5,,,,,,0.9962720188326974,0.0,0.0,0.0,0.0,0.22914379802414928,0.6404040978350044,valuation,medium,high,balanced,valuation_reversion,medium,shadow,0.0,0.35907905262802997,False,False,False,False
002045.SZ,002045,0.02,0.0,-0.0056210423797855,0.0,1.0,0.0,0.0,0.3,0.7,9.14,20260529,tushare_snapshot,0.0,,,,,,,,,,,,,,,,False,0.0,0.03581528259826216,0.20554984583761562,0.0,0.3078883449666598,hard_data_only,F,,2026-05-29,0.0,0.0625,0.0625,0.0,0.009771986970684038,0.026058631921824105,2026-05-29,0.577188521612786,0.35454709048506977,0.14837361439214974,,,2026-03-06,0.0,0.0,,0.5,,,,,,0.9899125394341992,0.0,0.0,0.0,0.0,0.3454182300698869,0.6787015849083109,valuation,medium,high,balanced,valuation_reversion,medium,shadow,0.0,0.3567625539396345,False,False,False,False
300245.SZ,300245,0.02,0.0,-0.005344318489357,0.0,1.0,0.0,0.0,0.3,0.7,6.61,20260529,tushare_snapshot,0.0,,,,,,,,,,,,,,,,False,0.0,0.05431692748493993,0.20554984583761562,0.0,0.3109301288908543,hard_data_only,F,,2026-05-29,0.0,0.1875,0.1875,0.0,0.05474452554744526,0.27697841726618705,2026-05-29,0.7798764983654195,0.6250069423546606,0.7842994730147193,,,2026-03-06,0.0,0.0,,0.5,,,,,,0.8985998533778299,0.0,0.0,0.0,0.0,0.4528315908531273,0.6662352905987107,valuation,medium,high,balanced,valuation_reversion,medium,shadow,0.0,0.35390775389128676,False,False,False,False
002092.SZ,002092,0.02,0.0,-0.0061333355292826,0.0,1.0,0.0,0.0,0.3,0.7,4.64,20260529,tushare_snapshot,0.0,,,,,,,,,,,,,,,,False,0.0,0.0015635744598855698,0.20554984583761562,0.0,0.2948153970127941,hard_data_only,F,,2026-05-29,0.0,0.125,0.125,0.0,0.00392156862745098,0.01568627450980392,2026-05-29,0.47130403196512893,0.3406273575044989,0.32564055969471195,,,2026-03-06,0.0,0.0,,0.5,,,,,,0.995084143893778,0.0,0.0,0.0,0.0,0.3458656325320965,0.6817587482920705,valuation,medium,high,balanced,valuation_reversion,medium,shadow,0.0,0.35172716486375966,False,False,False,False
600050.SH,600050,0.0,0.0,0.0,0.0,0.0,0.0,1.0,0.3,0.7,4.35,20260529,tushare_snapshot,0.0,,,,,,,,,,,,trend_capex,0.0246,False,watch,False,0.0,0.4116358517681971,0.3319630010277493,0.0,0.3994905449898305,hard_data_only,F,,2026-05-29,0.71875,0.09375,0.09375,0.25,0.2,0.2,2026-05-29,0.03214674900108972,0.04280337231767185,0.10049064146829002,,,2026-03-06,0.0,0.0,,0.5,,,,,,0.7834448818897637,0.0,0.0,0.0,0.0,0.2411044724602775,0.5255267439439676,valuation,medium,high,balanced,valuation_reversion,medium,shadow,0.0,0.3503465526599599,False,False,False,False
600759.SH,600759,0.05,0.05,0.0008997638160201,1.0,1.0,0.0,0.0,0.3,0.7,2.76,20260529,tushare_snapshot,0.0,,,,,,,,,,,,,,,,False,1.0,0.4717936884483202,0.20554984583761562,0.0,0.526257469125599,hard_data_only,F,,2026-05-29,0.3125,0.1875,0.1875,0.7058823529411765,0.23809523809523808,0.7142857142857143,2026-05-29,0.09916454776607338,0.054631360802505184,0.00036343812465927677,,,2026-03-06,0.0,0.0,,0.5,,,,,,0.4556595866693133,0.0,0.0,0.0,0.0,0.2421613698541838,0.34234746168232166,valuation,medium,high,balanced,valuation_reversion,medium,shadow,0.0,0.350257823708533,False,False,False,False
601718.SH,601718,0.02,0.0,-0.0041032968628869,0.0,1.0,0.0,0.0,0.3,0.7,2.08,20260529,tushare_snapshot,0.0,,,,,,,,,,,,,,,,False,0.0,0.13729112025912593,0.20554984583761562,0.0,0.32797830541413103,hard_data_only,F,,2026-05-29,0.0,0.1875,0.1875,0.0,0.015873015873015872,0.28125,2026-05-29,0.12259353432618961,0.24019584238930797,0.6910775940396148,,,2026-03-06,0.0,0.0,,0.5,,,,,,0.910918361767279,0.0,0.0,0.0,0.0,0.32309767550719504,0.6264294457722664,valuation,medium,high,balanced,valuation_reversion,medium,shadow,0.0,0.34940475354936423,False,False,False,False
000878.SZ,000878,0.0,0.0,0.0,0.0,0.0,0.0,1.0,0.3,0.7,17.72,20260529,tushare_snapshot,0.0,,,,,,,,,,,,price_inventory,-0.0028,True,watch,False,0.0,0.4116358517681971,0.19116135662898256,0.0,0.39862129810728114,hard_data_only,F,,2026-05-29,0.09375,0.15625,0.09375,0.4375,0.3333333333333333,0.1111111111111111,2026-05-29,0.4625862695241555,0.38012660960481287,0.5028166454661094,,,2026-03-06,0.0,0.0,,0.5,,,,,,0.6979248687664041,0.0,0.0,0.0,0.0,0.36395169912938385,0.5218605381957646,valuation,medium,high,balanced,valuation_reversion,medium,shadow,0.0,0.3484567379823806,False,False,False,False
002694.SZ,002694,0.02,0.0,-0.0053655404523443,0.0,1.0,0.0,0.0,0.3,0.7,2.42,20260529,tushare_snapshot,0.0,,,,,,,,,,,,,,,,False,0.0,0.05289803581504741,0.20554984583761562,0.0,0.2981880752494245,hard_data_only,F,,2026-05-29,0.0,0.0,0.1875,0.0,0.0,0.275,2026-05-29,0.23392662549945514,0.3103559914715475,0.7267853897873887,,,2026-03-06,0.0,0.0,,0.5,,,,,,0.9183562992125983,0.0,0.0,0.0,0.0,0.34728367747550615,0.6393016514502373,valuation,medium,high,balanced,valuation_reversion,medium,shadow,0.0,0.33975042890588114,False,False,False,False
300543.SZ,300543,0.02,0.0,-0.0058195283843644,0.0,1.0,0.0,0.0,0.3,0.7,8.47,20260529,tushare_snapshot,0.0,,,,,,,,,,,,,,,,False,0.0,0.022544590407545195,0.20554984583761562,0.0,0.28878281711573417,hard_data_only,F,,2026-05-29,0.0,0.0625,0.0625,0.0,0.04234527687296417,0.13680781758957655,2026-05-29,0.5154377043225572,0.3065690582932706,0.0923132836634563,,,2026-03-06,0.0,0.0,,0.5,,,,,,0.945156326143271,0.0,0.0,0.0,0.0,0.327978567938626,0.6473598270981371,valuation,medium,high,balanced,valuation_reversion,medium,shadow,0.0,0.33804534791866797,False,False,False,False
688287.SH,688287,0.02,0.0,0.0078081601691663,0.0,1.0,0.0,0.0,0.3,0.7,0.35,20260529,tushare_snapshot,0.0,,,,,,,,,,,,,,,,False,0.0,0.9336862119467791,0.20554984583761562,0.0,0.5249370293310356,hard_data_only,F,,2026-05-29,0.0,0.07692307692307693,0.07692307692307693,0.0,1.0,1.0,2026-05-29,0.3932074100980748,0.23743434631534405,0.08468108304561149,,,2026-03-06,0.0,0.0,,0.5,,,,,,0.35,0.0,0.0,0.0,0.0,0.3049301269586777,0.305774845705124,valuation,medium,high,balanced,valuation_reversion,medium,shadow,0.0,0.3378374157818964,False,False,False,False
603113.SH,603113,0.02,0.0,-0.0057138214195653,0.0,1.0,0.0,0.0,0.3,0.7,5.14,20260529,tushare_snapshot,0.0,,,,,,,,,,,,,,,,False,0.0,0.029612114363402633,0.20554984583761562,0.0,0.289307148355368,hard_data_only,F,,2026-05-29,0.0,0.125,0.125,0.0,0.00784313725490196,0.00784313725490196,2026-05-29,0.044496912459135486,0.03378640379691848,0.037252407777575866,,,2026-03-06,0.0,0.0,,0.5,,,,,,0.9960737995985796,0.0,0.0,0.0,0.0,0.23632717761924896,0.6428791117181343,valuation,medium,high,balanced,valuation_reversion,medium,shadow,0.0,0.33709985173407364,False,False,False,False
300396.SZ,300396,0.02,0.0,-0.0056776111601489,0.0,1.0,0.0,0.0,0.3,0.7,7.97,20260529,tushare_snapshot,0.0,,,,,,,,,,,,,,,,False,0.0,0.03203311733477352,0.20554984583761562,0.0,0.29063924026026605,hard_data_only,F,,2026-05-29,0.0,0.1875,0.1875,0.0,0.1408839779005525,0.17679558011049723,2026-05-29,0.3432618961133309,0.40951455894446903,0.8828820643285481,,,2026-03-06,0.0,0.0,,0.5,,,,,,0.8986242223865663,0.0,0.0,0.0,0.0,0.3844719850430329,0.6416394791519691,valuation,medium,high,balanced,valuation_reversion,medium,shadow,0.0,0.3369281615838693,False,False,False,False
301387.SZ,301387,0.0,0.0,0.0,0.0,0.0,1.0,0.0,0.3,0.7,93.3,20260529,tushare_snapshot,0.0,,,,,,,,,,,,,,,,False,0.0,0.4116358517681971,0.20554984583761562,0.0,0.3887394734709181,hard_data_only,F,,2026-05-29,0.0,0.875,0.875,0.0,0.5863192182410424,0.5798045602605864,2026-05-29,0.9262622593534326,0.5650957054828398,0.222605851353807,,,2026-03-06,0.0,0.0,,0.5,,,,,,0.6213431993639231,0.0,0.0,0.0,0.0,0.41706279925583584,0.49809479937589785,valuation,medium,high,balanced,valuation_reversion,medium,shadow,0.0,0.3362062411117905,False,False,False,False
688538.SH,688538,0.02,0.0,-0.0058575803207988,0.0,1.0,0.0,0.0,0.3,0.7,2.35,20260529,tushare_snapshot,0.0,,,,,,,,,,,,,,,,False,0.0,0.020000453672297833,0.20554984583761562,0.0,0.2857616042484779,hard_data_only,F,,2026-05-29,0.0,0.875,0.875,0.0,0.23195876288659795,0.15463917525773196,2026-05-29,0.6569197239375227,0.5413440091687267,0.7201526440123569,,,2026-03-06,0.0,0.0,,0.5,,,,,,0.8734211380793895,0.0,0.0,0.0,0.0,0.4233771285441209,0.6415316036003417,valuation,medium,high,balanced,valuation_reversion,medium,shadow,0.0,0.33455001151772723,False,False,False,False
002717.SZ,002717,0.02,0.0,-0.003277620975677,0.0,1.0,0.0,0.0,0.3,0.7,0.91,20260529,tushare_snapshot,0.0,,,,,,,,,,,,,,,,False,0.0,0.19249546865490463,0.20554984583761562,0.0,0.33038960191220623,hard_data_only,F,,2026-05-29,0.0,0.0,0.75,0.0,0.0,0.9661016949152542,2026-05-29,0.9142753359970941,0.7373825996175913,0.9381246592767581,,,2026-03-06,0.0,0.0,,0.5,,,,,,0.710209528893634,0.0,0.0,0.0,0.0,0.49432011339171344,0.5756725770014519,valuation,medium,high,balanced,valuation_reversion,medium,shadow,0.0,0.3338967093400507,False,False,False,False
603008.SH,603008,0.02,0.0,-0.0047626546354125,0.0,1.0,0.0,0.0,0.3,0.7,8.84,20260529,tushare_snapshot,0.0,,,,,,,,,,,,,,,,False,0.0,0.09320673223737122,0.20554984583761562,0.0,0.30168848963549055,hard_data_only,F,,2026-05-29,0.84375,0.21875,0.21875,0.37209302325581395,0.04285714285714286,0.04225352112676056,2026-05-29,0.7390119869233563,0.44634392698920167,0.15954933672542249,,,2026-03-06,0.0,0.0,,0.5,,,,,,0.8432225821510273,0.0,0.0,0.0,0.0,0.3760515148721754,0.6075831913585585,valuation,medium,high,balanced,valuation_reversion,medium,shadow,0.0,0.33118093305837765,False,False,False,False
002460.SZ,002460,0.0,0.0,0.0,0.0,0.0,0.0,1.0,0.3,0.7,71.48,20260529,tushare_snapshot,0.0,,,,,,,,,,,,price_inventory,0.0074,True,watch,False,0.0,0.4116358517681971,0.24357656731757452,0.0,0.3804973332018512,hard_data_only,F,,2026-05-29,0.07692307692307693,0.0625,0.0625,0.35714285714285715,0.3181818181818182,0.5373134328358209,2026-05-29,0.6324010170722848,0.4696631906817792,0.48737052516809015,,,2026-03-06,0.0,0.0,,0.5,,,,,,0.6029888139830554,0.0,0.0,0.0,0.0,0.3930810006454694,0.47918289606288,valuation,medium,high,balanced,valuation_reversion,medium,shadow,0.0,0.32645774500531316,False,False,False,False
688380.SH,688380,0.0,0.0,0.0,0.0,0.0,0.0,1.0,0.3,0.7,46.0,20260529,tushare_snapshot,0.0,,,,,,,,,,,,trend_capex,0.0412,False,watch,False,0.0,0.4116358517681971,0.41726618705035967,0.0,0.37557269638887286,hard_data_only,F,,2026-05-29,0.4375,0.6875,0.1875,0.20279720279720279,0.4484536082474227,0.5773195876288659,2026-05-29,0.5917181256810752,0.4068551090482694,0.32564055969471195,,,2026-03-06,0.0,0.0,,0.5,,,,,,0.5993655686792305,0.0,0.0,0.0,0.0,0.3677368885200924,0.4680299983276024,valuation,medium,high,balanced,valuation_reversion,medium,shadow,0.0,0.3207087741931869,False,False,False,False
002542.SZ,002542,0.02,0.0,-0.0060453475632435,0.0,1.0,0.0,0.0,0.3,0.7,1.66,20260529,tushare_snapshot,0.0,,,,,,,,,,,,,,,,False,0.0,0.007446413485586214,0.20554984583761562,0.0,0.270367068854262,hard_data_only,F,,2026-05-29,0.0,0.0,0.1875,0.0,0.0,0.5590551181102362,2026-05-29,0.569197239375227,0.5237163046620081,0.8426312920225332,,,2026-03-06,0.0,0.0,,0.5,,,,,,0.8328042656085312,0.0,0.0,0.0,0.0,0.42104094652667684,0.6179451294903812,valuation,medium,high,balanced,valuation_reversion,medium,shadow,0.0,0.3199687403803836,False,False,False,False
600481.SH,600481,0.02,0.0,-0.0058127409411519,0.0,1.0,0.0,0.0,0.3,0.7,5.43,20260529,tushare_snapshot,0.0,,,,,,,,,,,,,,,,False,0.0,0.022998396054075065,0.20554984583761562,0.0,0.2729935104157862,hard_data_only,F,,2026-05-29,0.0,0.5,0.6875,0.0,0.32463768115942027,0.23121387283236994,2026-05-29,0.9093715946240465,0.5669815622149501,0.2673087406868981,,,2026-03-06,0.0,0.0,,0.5,,,,,,0.8179206648553198,0.0,0.0,0.0,0.0,0.41895765317373684,0.6088603274615244,valuation,medium,high,balanced,valuation_reversion,medium,shadow,0.0,0.3182876505627106,False,False,False,False
601929.SH,601929,0.02,0.0,-0.0044705937860815,0.0,1.0,0.0,0.0,0.3,0.7,2.84,20260529,tushare_snapshot,0.0,,,,,,,,,,,,,,,,False,0.0,0.11273379985432443,0.20554984583761562,0.0,0.2949465052500364,hard_data_only,F,,2026-05-29,0.0,0.625,0.0625,0.0,0.23529411764705882,0.34285714285714286,2026-05-29,0.5486741736287686,0.30261124615909735,0.00336180265309831,,,2026-03-06,0.0,0.0,,0.5,,,,,,0.8155660689472639,0.0,0.0,0.0,0.0,0.3241403297742302,0.5734075173291907,valuation,medium,high,balanced,valuation_reversion,medium,shadow,0.0,0.31733355209409403,False,False,False,False
002581.SZ,002581,0.02,0.0,-0.0030188274335272,0.0,1.0,0.0,0.0,0.3,0.7,4.3,20260529,tushare_snapshot,0.0,,,,,,,,,,,,,,,,False,0.0,0.20979829786999996,0.20554984583761562,0.0,0.3182056708437384,hard_data_only,F,,2026-05-29,0.0,0.1875,0.1875,0.0,0.17721518987341772,0.569620253164557,2026-05-29,0.3191064293498002,0.1858665226951795,0.04143194621115755,,,2026-03-06,0.0,0.0,,0.5,,,,,,0.7675969301305691,0.0,0.0,0.0,0.0,0.2866695156687617,0.5330553065138729,valuation,medium,high,balanced,valuation_reversion,medium,shadow,0.0,0.31526862649656906,False,False,False,False
600111.SH,600111,0.0,0.0,0.0,0.0,0.0,0.0,1.0,0.3,0.7,48.62,20260529,tushare_snapshot,0.0,,,,,,,,,,,,price_inventory,0.0156,True,watch,False,0.0,0.4116358517681971,0.2857142857142857,0.0,0.33500647522399574,hard_data_only,F,,2026-05-29,0.125,0.125,0.125,0.6071428571428571,0.6818181818181818,0.43283582089552236,2026-05-29,0.5539411551035234,0.4375269847526947,0.5314373977830275,,,2026-04-14,3.0,3.0,1.0,1.0,,,,,,0.4196827690466779,1.0,0.0,0.0,0.0,0.3837222056884392,0.45316234471397776,revision,swing,mid,balanced,expectation_repricing,medium,live,0.0,0.3130449626261561,False,False,False,False
002790.SZ,002790,0.02,0.0,-0.0061567214720009,0.0,1.0,0.0,0.0,0.3,0.7,6.32,20260529,tushare_snapshot,0.0,,,,,,,,,,,,,,,,False,0.0,0.0,0.20554984583761562,0.0,0.2622492370659291,hard_data_only,F,,2026-05-29,0.0,0.0625,0.0625,0.0,0.18571428571428572,0.323943661971831,2026-05-29,0.3890301489284417,0.40845140836893845,0.7779393058331819,,,2026-03-06,0.0,0.0,,0.5,,,,,,0.8386153931462792,0.0,0.0,0.0,0.0,0.3811346419426384,0.6068330912612663,valuation,medium,high,balanced,valuation_reversion,medium,shadow,0.0,0.3128035253527354,False,False,False,False
300710.SZ,300710,0.0,0.0,0.0,0.0,0.0,1.0,0.0,0.3,0.7,45.32,20260529,tushare_snapshot,0.0,,,,,,,,,,,,,,,,False,0.0,0.4116358517681971,0.20554984583761562,0.0,0.36826652496566326,hard_data_only,F,,2026-05-29,0.0,0.9375,0.9375,0.0,0.781021897810219,0.8161764705882353,2026-05-29,0.9780239738467127,0.7549084609200715,0.8679811012175177,,,2026-03-06,0.0,0.0,,0.5,,,,,,0.48200650899476977,0.0,0.0,0.0,0.0,0.498111906651723,0.4492439314316914,liquidity,short,low,tactical,intraday_liquidity_timing,low,shadow,0.0,0.31102514283363186,False,False,False,False
300376.SZ,300376,0.02,0.0,-0.005082722113872,0.0,1.0,0.0,0.0,0.3,0.7,5.13,20260529,tushare_snapshot,0.0,,,,,,,,,,,,,,,,False,0.0,0.07180715297783444,0.20554984583761562,0.0,0.27705651709379125,hard_data_only,F,,2026-05-29,0.0,0.0625,0.0625,0.0,0.1246376811594203,0.4797687861271676,2026-05-29,0.22248456229567745,0.25522585870837944,0.5314373977830275,,,2026-03-06,0.0,0.0,,0.5,,,,,,0.8130606220716503,0.0,0.0,0.0,0.0,0.32351852216190463,0.5717806163384099,valuation,medium,high,balanced,valuation_reversion,medium,shadow,0.0,0.30859527794151553,False,False,False,False
688602.SH,688602,0.02,0.0,-0.0056318804159311,0.0,1.0,0.0,0.0,0.3,0.7,6.9,20260529,tushare_snapshot,0.0,,,,,,,,,,,,,,,,False,0.0,0.03509065598317528,0.20554984583761562,0.0,0.2665869876816887,hard_data_only,F,,2026-05-29,0.0,0.125,0.75,0.0,0.10980392156862745,0.7254901960784313,2026-05-29,0.7519070105339629,0.6319978835966962,0.8737961112120661,,,2026-03-06,0.0,0.0,,0.5,,,,,,0.744245792805311,0.0,0.0,0.0,0.0,0.45768701184675287,0.5815449682358053,valuation,medium,high,balanced,valuation_reversion,medium,shadow,0.0,0.30654148197171815,False,False,False,False
002724.SZ,002724,0.02,0.0,-0.006040161440383,0.0,1.0,0.0,0.0,0.3,0.7,5.41,20260529,tushare_snapshot,0.0,,,,,,,,,,,,,,,,False,0.0,0.007793155515539175,0.20554984583761562,0.0,0.2569384413403833,hard_data_only,F,,2026-05-29,0.16666666666666666,0.0625,0.0625,0.30837004405286345,0.029315960912052116,0.24104234527687296,2026-05-29,0.3195604794769343,0.3731733100506748,0.7896601853534436,,,2026-03-06,0.0,0.0,,0.5,,,,,,0.8103936013580245,0.0,0.0,0.0,0.0,0.36981782311206834,0.5869548330808384,valuation,medium,high,balanced,valuation_reversion,medium,shadow,0.0,0.3040611375918465,False,False,False,False
603330.SH,603330,0.02,0.0,-0.0051231478653524,0.0,1.0,0.0,0.0,0.3,0.7,6.42,20260529,tushare_snapshot,0.0,,,,,,,,,,,,,,,,False,0.0,0.0691043039502016,0.20554984583761562,0.0,0.2694978422053018,hard_data_only,F,,2026-05-29,0.0,0.6875,0.6875,0.0,0.23076923076923078,0.5375,2026-05-29,0.6405739193606974,0.40796711848683537,0.222605851353807,,,2026-03-06,0.0,0.0,,0.5,,,,,,0.7585270290732888,0.0,0.0,0.0,0.0,0.3651721723039241,0.5562371183104544,valuation,medium,high,balanced,valuation_reversion,medium,shadow,0.0,0.30006138600540266,False,False,False,False
300891.SZ,300891,0.02,0.0,-0.0059982336143041,0.0,1.0,0.0,0.0,0.3,0.7,7.09,20260529,tushare_snapshot,0.0,,,,,,,,,,,,,,,,False,0.0,0.010596432629708764,0.20554984583761562,0.0,0.24879105606605634,hard_data_only,F,,2026-05-29,0.0,0.0625,0.0625,0.0,0.38823529411764707,0.24705882352941178,2026-05-29,0.3445332364693062,0.311335911350141,0.48737052516809015,,,2026-03-06,0.0,0.0,,0.5,,,,,,0.7908893006021306,0.0,0.0,0.0,0.0,0.3407945138566708,0.5655840333255947,valuation,medium,high,balanced,valuation_reversion,medium,shadow,0.0,0.2935862453664332,False,False,False,False
002514.SZ,002514,0.02,0.0,-0.0059552681225388,0.0,1.0,0.0,0.0,0.3,0.7,4.35,20260529,tushare_snapshot,0.0,,,,,,,,,,,,,,,,False,0.0,0.01346908764258868,0.20554984583761562,0.0,0.24992937275930768,hard_data_only,F,,2026-05-29,0.0,0.0,0.875,0.0,0.0,0.875,2026-05-29,0.9068289139120959,0.5694900476634646,0.282936580047247,,,2026-03-06,0.0,0.0,,0.5,,,,,,0.7376476377952755,0.0,0.0,0.0,0.0,0.4202307679909645,0.5643657536421016,valuation,medium,high,balanced,valuation_reversion,medium,shadow,0.0,0.2935127397947298,False,False,False,False
000676.SZ,000676,0.02,0.0,-0.0052329955545352,0.0,1.0,0.0,0.0,0.3,0.7,5.76,20260529,tushare_snapshot,0.0,,,,,,,,,,,,,,,,False,0.0,0.06175993287427007,0.20554984583761562,0.0,0.25471076140057086,hard_data_only,F,,2026-05-29,0.0625,0.0625,0.0625,0.5434782608695652,0.0375,0.175,2026-05-29,0.4464220849981838,0.26113727122655883,0.062420497910230785,,,2026-03-06,0.0,0.0,,0.5,,,,,,0.7451320181444709,0.0,0.0,0.0,0.0,0.31212440774190253,0.5296387169479887,valuation,medium,high,balanced,valuation_reversion,medium,shadow,0.0,0.28493313017315747,False,False,False,False
000677.SZ,000677,0.02,0.0,-0.0040098049521929,0.0,1.0,0.0,0.0,0.3,0.7,2.06,20260529,tushare_snapshot,0.0,,,,,,,,,,,,,,,,False,0.0,0.1435419507485315,0.20554984583761562,0.0,0.2758167851275363,hard_data_only,F,,2026-05-29,0.0,0.1875,0.1875,0.0,0.8484848484848485,0.45454545454545453,2026-05-29,0.9347984017435524,0.7442635985166497,0.9204979102307832,,,2026-03-06,0.0,0.0,,0.5,,,,,,0.5673109043187783,0.0,0.0,0.0,0.0,0.4960909298540396,0.4962868411659701,valuation,medium,high,balanced,valuation_reversion,medium,shadow,0.0,0.2835268360250675,False,False,False,False
301062.SZ,301062,0.02,0.0,-0.0056596973148183,0.0,1.0,0.0,0.0,0.3,0.7,6.8,20260529,tushare_snapshot,0.0,,,,,,,,,,,,,,,,False,0.0,0.03323082962607016,0.20554984583761562,0.0,0.2437776094275786,hard_data_only,F,,2026-05-29,0.0,0.0625,0.0625,0.0,0.3888888888888889,0.48148148148148145,2026-05-29,0.5198873955684707,0.3709598738501385,0.34008722514991824,,,2026-03-06,0.0,0.0,,0.5,,,,,,0.7200568678915136,0.0,0.0,0.0,0.0,0.35629382931666165,0.5314976245732459,valuation,medium,high,balanced,valuation_reversion,medium,shadow,0.0,0.280384654285886,False,False,False,False
002442.SZ,002442,0.02,0.0,-0.0040026720335283,0.0,1.0,0.0,0.0,0.3,0.7,5.91,20260529,tushare_snapshot,0.0,,,,,,,,,,,,,,,,False,0.0,0.14401885474093212,0.20554984583761562,0.0,0.2726760313911138,hard_data_only,F,,2026-05-29,0.6875,0.3125,0.625,0.8716577540106952,0.2196078431372549,0.054901960784313725,2026-05-29,0.9776607337450054,0.583733756094734,0.18408141013992368,,,2026-03-06,0.0,0.0,,0.5,,,,,,0.602702710289556,0.0,0.0,0.0,0.0,0.42212163706518047,0.4894773071056163,valuation,medium,high,balanced,valuation_reversion,medium,shadow,0.0,0.2801087856372482,False,False,False,False
300557.SZ,300557,0.0,0.0,0.0,0.0,0.0,1.0,0.0,0.3,0.7,33.58,20260529,tushare_snapshot,0.0,,,,,,,,,,,,,,,,False,0.0,0.4116358517681971,0.20554984583761562,0.0,0.3376733194897319,hard_data_only,F,,2026-05-29,0.4375,0.4375,0.1875,0.7023809523809523,0.5233644859813084,0.40186915887850466,2026-05-29,0.5474028332727933,0.3678987434717609,0.2673087406868981,,,2026-03-06,0.0,0.0,,0.5,,,,,,0.4511348026590134,0.0,0.0,0.0,0.0,0.353211931930787,0.3797917849841308,valuation,medium,high,balanced,valuation_reversion,medium,shadow,0.0,0.27522472824688354,False,False,False,False
600187.SH,600187,0.02,0.0,-0.0047427374930403,0.0,1.0,0.0,0.0,0.3,0.7,1.33,20260529,tushare_snapshot,0.0,,,,,,,,,,,,,,,,False,0.0,0.09453838414049112,0.20554984583761562,0.0,0.24806039063011975,hard_data_only,F,,2026-05-29,0.0,0.1875,0.1875,0.0,0.06666666666666667,0.9333333333333333,2026-05-29,0.18016709044678533,0.09968248669830328,0.002362347810285299,,,2026-03-06,0.0,0.0,,0.5,,,,,,0.696745406824147,0.0,0.0,0.0,0.0,0.2570960728332388,0.48273201404148836,valuation,medium,high,balanced,valuation_reversion,medium,shadow,0.0,0.26708108183066187,False,False,False,False
603528.SH,603528,0.02,0.0,-0.0059424252647463,0.0,1.0,0.0,0.0,0.3,0.7,7.04,20260529,tushare_snapshot,0.0,,,,,,,,,,,,,,,,False,0.0,0.014327755803978723,0.20554984583761562,0.0,0.22688918722055426,hard_data_only,F,,2026-05-29,0.0,0.0625,0.0625,0.0,0.23357664233576642,0.762589928057554,2026-05-29,0.33726843443516163,0.3216279315070293,0.5445211702707614,,,2026-03-06,0.0,0.0,,0.5,,,,,,0.689751602361998,0.0,0.0,0.0,0.0,0.345819657600023,0.5107559740587272,valuation,medium,high,balanced,valuation_reversion,medium,shadow,0.0,0.26604431109070265,False,False,False,False
300310.SZ,300310,0.02,0.0,-0.0060978137847517,0.0,1.0,0.0,0.0,0.3,0.7,5.31,20260529,tushare_snapshot,0.0,,,,,,,,,,,,,,,,False,0.0,0.003938543610717912,0.20554984583761562,0.0,0.22380261282542466,hard_data_only,F,,2026-05-29,0.07692307692307693,0.0625,0.0625,0.782051282051282,0.10948905109489052,0.09558823529411764,2026-05-29,0.889393389030149,0.5167422316751046,0.11030347083409049,,,2026-03-06,0.0,0.0,,0.5,,,,,,0.6603526156823042,0.0,0.0,0.0,0.0,0.3978987296573134,0.5130410074587232,valuation,medium,high,balanced,valuation_reversion,medium,shadow,0.0,0.26521684977517973,False,False,False,False
002753.SZ,002753,0.02,0.0,-0.0048647742060914,0.0,1.0,0.0,0.0,0.3,0.7,6.43,20260529,tushare_snapshot,0.0,,,,,,,,,,,,,,,,False,0.0,0.08637905996897642,0.20554984583761562,0.0,0.24140529823324924,hard_data_only,F,,2026-05-29,0.6875,0.0625,0.0625,0.93048128342246,0.050980392156862744,0.050980392156862744,2026-05-29,0.5179803850345078,0.28572966243225395,0.00336180265309831,,,2026-03-06,0.0,0.0,,0.5,,,,,,0.6423151852007802,0.0,0.0,0.0,0.0,0.3185653037380744,0.4743800130581437,valuation,medium,high,balanced,valuation_reversion,medium,shadow,0.0,0.26120097393788777,False,False,False,False
601608.SH,601608,0.02,0.0,-0.0052859798350886,0.0,1.0,0.0,0.0,0.3,0.7,5.56,20260529,tushare_snapshot,0.0,,,,,,,,,,,,,,,,False,0.0,0.058217425785860887,0.20554984583761562,0.0,0.2334955294501939,hard_data_only,F,,2026-05-29,0.0625,0.0625,0.0625,0.4537037037037037,0.3076923076923077,0.2534722222222222,2026-05-29,0.2543588812204867,0.24954212390441327,0.43857895693258225,,,2026-03-06,0.0,0.0,,0.5,,,,,,0.6583514550665142,0.0,0.0,0.0,0.0,0.31899913377605565,0.48351650299662796,valuation,medium,high,balanced,valuation_reversion,medium,shadow,0.0,0.2604747935161823,False,False,False,False
688618.SH,688618,0.0,0.0,0.0,0.0,0.0,0.0,1.0,0.3,0.7,35.75,20260529,tushare_snapshot,0.0,,,,,,,,,,,,trend_capex,0.0402,False,watch,False,0.0,0.4116358517681971,0.4121274409044193,0.0,0.3250741692538826,hard_data_only,F,,2026-05-29,0.6875,0.625,0.625,0.6282051282051282,0.48175182481751827,0.7058823529411765,2026-05-29,0.5705593897566291,0.3662336138482467,0.20970379792840269,,,2026-03-06,0.0,0.0,,0.5,,,,,,0.400097743607428,0.0,0.0,0.0,0.0,0.3510228315341067,0.3504229557724381,valuation,medium,high,balanced,valuation_reversion,medium,shadow,0.0,0.2600860130957274,False,False,False,False
600603.SH,600603,0.02,0.0,-0.0059048135460245,0.0,1.0,0.0,0.0,0.3,0.7,4.74,20260529,tushare_snapshot,0.0,,,,,,,,,,,,,,,,False,0.0,0.016842459764994887,0.20554984583761562,0.0,0.22212101600895143,hard_data_only,F,,2026-05-29,0.6875,0.0625,0.0625,0.3333333333333333,0.14634146341463414,0.4318181818181818,2026-05-29,0.2908645114420632,0.1875513490016574,0.11030347083409049,,,2026-03-06,0.0,0.0,,0.5,,,,,,0.7032394474803731,0.0,0.0,0.0,0.0,0.28918572195227515,0.49792095049182805,valuation,medium,high,balanced,valuation_reversion,medium,shadow,0.0,0.25991364481184526,False,False,False,False
002492.SZ,002492,0.02,0.0,-0.005240601808888,0.0,1.0,0.0,0.0,0.3,0.7,6.18,20260529,tushare_snapshot,0.0,,,,,,,,,,,,,,,,False,0.0,0.061251381853484166,0.20554984583761562,0.0,0.23379823418912898,hard_data_only,F,,2026-05-29,0.0,0.0625,0.0625,0.0,0.3695652173913043,0.9347826086956522,2026-05-29,0.5989829277152198,0.5143397561637779,0.7395965836816282,,,2026-03-06,0.0,0.0,,0.5,,,,,,0.5902944197192742,0.0,0.0,0.0,0.0,0.415012456737749,0.4799693594683832,valuation,medium,high,balanced,valuation_reversion,medium,shadow,0.0,0.25923196560716305,False,False,False,False
002431.SZ,002431,0.02,0.0,-0.0041126310336671,0.0,1.0,0.0,0.0,0.3,0.7,1.6,20260529,tushare_snapshot,0.0,,,,,,,,,,,,,,,,False,0.0,0.1366670414605103,0.20554984583761562,0.0,0.25165766790207234,hard_data_only,F,,2026-05-29,0.0,0.8125,0.4375,0.0,0.9285714285714286,0.41732283464566927,2026-05-29,0.42499091899745733,0.42981987370228136,0.7842994730147193,,,2026-03-06,0.0,0.0,,0.5,,,,,,0.5504913509827019,0.0,0.0,0.0,0.0,0.38837241408005957,0.4480892256191345,valuation,medium,high,balanced,valuation_reversion,medium,shadow,0.0,0.25735547464549624,False,False,False,False
603086.SH,603086,0.02,0.0,-0.0050551917196454,0.0,1.0,0.0,0.0,0.3,0.7,6.11,20260529,tushare_snapshot,0.0,,,,,,,,,,,,,,,,False,0.0,0.07364782375180362,0.20554984583761562,0.0,0.23471347152160182,hard_data_only,F,,2026-05-29,0.125,0.0625,0.0625,0.5116279069767442,0.2413793103448276,0.3793103448275862,2026-05-29,0.2664366146022521,0.2952771905480477,0.5949482100672361,,,2026-03-06,0.0,0.0,,0.5,,,,,,0.6233874685070941,0.0,0.0,0.0,0.0,0.3385524569008856,0.47097586684829157,valuation,medium,high,balanced,valuation_reversion,medium,shadow,0.0,0.2569888607836307,False,False,False,False
601956.SH,601956,0.02,0.0,-0.0051053973622697,0.0,1.0,0.0,0.0,0.3,0.7,5.21,20260529,tushare_snapshot,0.0,,,,,,,,,,,,,,,,False,0.0,0.07029109524634686,0.20554984583761562,0.0,0.23375176017257204,hard_data_only,F,,2026-05-29,0.6875,0.0625,0.0625,0.9324324324324325,0.1111111111111111,0.04945054945054945,2026-05-29,0.20777333817653468,0.3012188213687096,0.7477739414864619,,,2026-03-06,0.0,0.0,,0.5,,,,,,0.6210472911260312,0.0,0.0,0.0,0.0,0.3448634393678679,0.47193732120300996,valuation,medium,high,balanced,valuation_reversion,medium,shadow,0.0,0.2568365450922348,False,False,False,False
688119.SH,688119,0.02,0.0,-0.004528717434315,0.0,1.0,0.0,0.0,0.3,0.7,4.47,20260529,tushare_snapshot,0.0,,,,,,,,,,,,,,,,False,0.0,0.10884767676799033,0.20554984583761562,0.0,0.24269036787043802,hard_data_only,F,,2026-05-29,0.0,0.0625,0.0625,0.0,0.45161290322580644,0.6774193548387096,2026-05-29,0.15365056302215765,0.13052816219716762,0.18408141013992368,,,2026-03-06,0.0,0.0,,0.5,,,,,,0.6390906781813563,0.0,0.0,0.0,0.0,0.2724536304022284,0.4559740867263618,valuation,medium,high,balanced,valuation_reversion,medium,shadow,0.0,0.2560501834363142,False,False,False,False
601949.SH,601949,0.02,0.0,-0.0057778269127214,0.0,1.0,0.0,0.0,0.3,0.7,5.13,20260529,tushare_snapshot,0.0,,,,,,,,,,,,,,,,False,0.0,0.025332733557729754,0.20554984583761562,0.0,0.21753908873138184,hard_data_only,F,,2026-05-29,0.15625,0.15625,0.15625,0.4583333333333333,0.20689655172413793,0.41379310344827586,2026-05-29,0.05938975662913186,0.24127784970044738,0.8344539342176994,,,2026-03-06,0.0,0.0,,0.5,,,,,,0.6437239795456603,0.0,0.0,0.0,0.0,0.32753490966360543,0.47839799602446775,valuation,medium,high,balanced,valuation_reversion,medium,shadow,0.0,0.2514889627325078,False,False,False,False
000012.SZ,000012,0.02,0.0,-0.0058027050578687,0.0,1.0,0.0,0.0,0.3,0.7,4.05,20260529,tushare_snapshot,0.0,,,,,,,,,,,,,,,,False,0.0,0.023669391060477947,0.20554984583761562,0.0,0.2157701187750522,hard_data_only,F,,2026-05-29,0.6666666666666666,0.25,0.25,1.0,0.05263157894736842,0.05263157894736842,2026-05-29,0.7199418815837269,0.4099149729048496,0.05578775213519898,,,2026-03-06,0.0,0.0,,0.5,,,,,,0.616908412764194,0.0,0.0,0.0,0.0,0.3610684716640308,0.47545336094699975,valuation,medium,high,balanced,valuation_reversion,medium,shadow,0.0,0.24965003701354876,False,False,False,False
601212.SH,601212,0.02,0.0,-0.0059452245239283,0.0,1.0,0.0,0.0,0.3,0.7,6.27,20260529,tushare_snapshot,0.0,,,,,,,,,,,,,,,,False,0.0,0.01414059849258454,0.20554984583761562,0.0,0.2125618001955692,hard_data_only,F,,2026-05-29,0.0,0.0625,0.0625,0.0,0.5555555555555556,0.4444444444444444,2026-05-29,0.18307301126044315,0.1563416190316955,0.222605851353807,,,2026-03-06,0.0,0.0,,0.5,,,,,,0.6728783902012248,0.0,0.0,0.0,0.0,0.2820745948774361,0.47835875266856287,valuation,medium,high,balanced,valuation_reversion,medium,shadow,0.0,0.24930842917110213,False,False,False,False
002463.SZ,002463,0.0,0.0,0.0,0.0,0.0,0.0,1.0,0.3,0.7,132.04,20260529,tushare_snapshot,0.0,,,,,,,,,,,,trend_capex,-0.04,False,exit,False,0.0,0.4116358517681971,0.0,0.0,0.3149798979181714,hard_data_only,F,,2026-05-29,0.9375,0.9375,0.9375,0.3392070484581498,0.8957654723127035,0.7980456026058632,2026-05-29,0.7341082455503087,0.4887813413401494,0.34008722514991824,,,2026-03-06,0.0,0.0,,0.5,,,,,,0.32858446576426226,0.0,0.0,0.0,0.0,0.3952035524506603,0.3262805797102246,liquidity,short,low,tactical,intraday_liquidity_timing,low,shadow,0.0,0.24764137147778942,False,False,False,False
600918.SH,600918,0.02,0.0,-0.0061120570302047,0.0,1.0,0.0,0.0,0.3,0.7,5.44,20260529,tushare_snapshot,0.0,,,,,,,,,,,,,,,,False,0.0,0.0029862461094175056,0.20554984583761562,0.0,0.20791447443475153,hard_data_only,F,,2026-05-29,0.1875,0.0625,0.0625,0.74,0.3,0.04081632653061224,2026-05-29,0.15201598256447513,0.3145964335142229,0.9239505724150463,,,2026-03-06,0.0,0.0,,0.5,,,,,,0.6248879961433391,0.0,0.0,0.0,0.0,0.35429457496496736,0.4774833248276582,valuation,medium,high,balanced,valuation_reversion,medium,shadow,0.0,0.24670416140628337,False,False,False,False
002067.SZ,002067,0.02,0.0,-0.0050850133932049,0.0,1.0,0.0,0.0,0.3,0.7,4.83,20260529,tushare_snapshot,0.0,,,,,,,,,,,,,,,,False,0.0,0.07165395898909764,0.20554984583761562,0.0,0.22385442752365486,hard_data_only,F,,2026-05-29,0.0625,0.125,0.0625,0.76,0.17647058823529413,0.35294117647058826,2026-05-29,0.7428260079912823,0.4114618093924795,0.011630019989096857,,,2026-03-06,0.0,0.0,,0.5,,,,,,0.5671171838814265,0.0,0.0,0.0,0.0,0.3603227538543219,0.4473018143611548,valuation,medium,high,balanced,valuation_reversion,medium,shadow,0.0,0.24440076977186279,False,False,False,False
000761.SZ,000761,0.02,0.0,-0.0057781307133063,0.0,1.0,0.0,0.0,0.3,0.7,2.51,20260529,tushare_snapshot,0.0,,,,,,,,,,,,,,,,False,0.0,0.025312421576247145,0.20554984583761562,0.0,0.20967020445260767,hard_data_only,F,,2026-05-29,0.0,0.5,0.125,0.0,0.76,0.38461538461538464,2026-05-29,0.03814021067925899,0.21001037046199877,0.7561330183536253,,,2026-03-06,0.0,0.0,,0.5,,,,,,0.6193422168382797,0.0,0.0,0.0,0.0,0.31498034593372964,0.46022456596557937,valuation,medium,high,balanced,valuation_reversion,medium,shadow,0.0,0.24211720593145278,False,False,False,False
600965.SH,600965,0.02,0.0,-0.0036632572208852,0.0,1.0,0.0,0.0,0.3,0.7,3.21,20260529,tushare_snapshot,0.0,,,,,,,,,,,,,,,,False,0.0,0.1667119887637189,0.20554984583761562,0.0,0.24416921552034407,hard_data_only,F,,2026-05-29,0.125,0.125,0.125,0.6521739130434783,0.12195121951219512,0.5714285714285714,2026-05-29,0.12658917544496912,0.07893714843912698,0.037252407777575866,,,2026-03-06,0.0,0.0,,0.5,,,,,,0.558133818903602,0.0,0.0,0.0,0.0,0.2512378981419852,0.40300058191713184,valuation,medium,high,balanced,valuation_reversion,medium,shadow,0.0,0.23991295842694774,False,False,False,False
002175.SZ,002175,0.02,0.0,-0.0056051819630715,0.0,1.0,0.0,0.0,0.3,0.7,2.65,20260529,tushare_snapshot,0.0,,,,,,,,,,,,,,,,False,0.0,0.03687570350136077,0.20554984583761562,0.0,0.2104964778490461,hard_data_only,F,,2026-05-29,0.0,0.25,0.25,0.0,0.5794392523364486,0.6635514018691588,2026-05-29,0.48174718488921175,0.28613122245046935,0.08468108304561149,,,2026-03-06,0.0,0.0,,0.5,,,,,,0.5985282213555081,0.0,0.0,0.0,0.0,0.3210119328322041,0.450740099778678,valuation,medium,high,balanced,valuation_reversion,medium,shadow,0.0,0.2394602030945606,False,False,False,False
601318.SH,601318,0.0,0.0,0.0,0.0,0.0,1.0,1.0,0.3,0.7,53.5,20260529,tushare_snapshot,0.5073,watch,policy_supply_chain,macro_style,825c450eed7d43f18abd235a5d7f2198,"['event_type:policy_supply_chain', 'event_strength:0.966', 'mechanism_group:macro_style', 'mechanism_fit:0.495', 'mechanism_state:0.151', 'router_allow_entry:true', 'expectation:model:market_implied_trailing_profit', 'risk_budget:0.900', 'new_position_policy:selective']","['mechanism_group:macro_style', 'mechanism_fit:0.495', 'mechanism_state:0.151', 'router_allow_entry:true']",expectation:model:market_implied_trailing_profit,['expectation:model:market_implied_trailing_profit'],"['event_type:policy_supply_chain', 'event_strength:0.966', 'mechanism_group:macro_style', 'mechanism_fit:0.495', 'mechanism_state:0.151', 'router_allow_entry:true', 'expectation:model:market_implied_trailing_profit', 'risk_budget:0.900', 'new_position_policy:selective']",earnings_soft_gate,,macro_style,0.1514,True,entry,True,0.0,0.4116358517681971,0.9835560123329908,0.9988186650915534,0.3038659183421684,hard_data_only,B,,2026-05-29,0.1875,0.1875,0.1875,1.0,0.4,0.6,2026-05-29,0.11205957137667999,0.2382864077243737,0.7066145738687989,,,2026-03-06,0.0,0.0,,0.5,,,,,,0.33047244094488193,0.0,0.0,0.0,0.0,0.32290921732971223,0.3013118851678303,valuation,medium,high,balanced,valuation_reversion,medium,shadow,0.0,0.23477078846445493,False,False,False,False
002160.SZ,002160,0.02,0.0,-0.0060610375201274,0.0,1.0,0.0,0.0,0.3,0.7,4.47,20260529,tushare_snapshot,0.0,,,,,,,,,,,,,,,,False,0.0,0.006397389456241642,0.20554984583761562,0.0,0.1983210552220527,hard_data_only,F,,2026-05-29,0.0625,0.0625,0.0625,0.88,0.16666666666666666,0.13333333333333333,2026-05-29,0.4742099527787868,0.3068358265633137,0.18408141013992368,,,2026-03-06,0.0,0.0,,0.5,,,,,,0.5946902887139107,0.0,0.0,0.0,0.0,0.330678014744329,0.4520706469877485,valuation,medium,high,balanced,valuation_reversion,medium,shadow,0.0,0.23426313741669275,False,False,False,False
300290.SZ,300290,0.02,0.0,-0.0057332596775253,0.0,1.0,0.0,0.0,0.3,0.7,11.16,20260529,tushare_snapshot,0.0,,,,,,,,,,,,,,,,False,0.0,0.028312480474060223,0.20554984583761562,0.0,0.20329458544977574,hard_data_only,F,,2026-05-29,0.0,0.0625,0.0625,0.0,0.8613138686131386,0.6187050359712231,2026-05-29,0.7490010897203051,0.5606876518629769,0.5949482100672361,,,2026-03-06,0.0,0.0,,0.5,,,,,,0.5133789835767457,0.0,0.0,0.0,0.0,0.4262024224515718,0.4409251028855435,valuation,medium,high,balanced,valuation_reversion,medium,shadow,0.0,0.23274800593739264,False,False,False,False
601399.SH,601399,0.02,0.0,-0.006127063326314,0.0,1.0,0.0,0.0,0.3,0.7,3.84,20260529,tushare_snapshot,0.0,,,,,,,,,,,,,,,,False,0.0,0.001982931356763882,0.20554984583761562,0.0,0.1935900023845977,hard_data_only,F,,2026-05-29,0.0625,0.0625,0.0625,0.6764705882352942,0.2631578947368421,0.39473684210526316,2026-05-29,0.29622230294224483,0.3806444181719326,0.8708886062147919,,,2026-03-06,0.0,0.0,,0.5,,,,,,0.5534238560737184,0.0,0.0,0.0,0.0,0.3745965359816527,0.4447721123546773,valuation,medium,high,balanced,valuation_reversion,medium,shadow,0.0,0.22964889224905186,False,False,False,False
300308.SZ,300308,0.0,0.0,0.0,0.0,0.0,0.0,1.0,0.3,0.7,1161.16,20260529,tushare_snapshot,0.0,,,,,,,,,,,,trend_capex,0.0977,False,watch,False,0.0,0.4116358517681971,0.7076053442959918,0.0,0.29534733323806217,hard_data_only,F,,2026-05-29,0.9375,0.9375,0.9375,0.41025641025641024,0.948905109489051,0.9117647058823529,2026-05-29,0.4858336360334181,0.43997789832828366,0.6910775940396148,,,2026-03-06,0.0,0.0,,0.5,,,,,,0.2508682712386949,0.0,0.0,0.0,0.0,0.38907431498832884,0.28055298528946754,liquidity,short,low,tactical,intraday_liquidity_timing,low,shadow,0.0,0.22407022325483514,False,False,False,False
688238.SH,688238,0.02,0.0,-0.0060444324874047,0.0,1.0,0.0,0.0,0.3,0.7,5.81,20260529,tushare_snapshot,0.0,,,,,,,,,,,,,,,,False,0.0,0.0075075950777777865,0.20554984583761562,0.0,0.19003886246132806,hard_data_only,F,,2026-05-29,0.0,0.0625,0.0625,0.0,0.5138121546961326,0.9005524861878453,2026-05-29,0.26171449328005814,0.30431004380993787,0.6414682900236235,,,2026-03-06,0.0,0.0,,0.5,,,,,,0.5501174576934789,0.0,0.0,0.0,0.0,0.3428592667639156,0.4314951123433578,valuation,medium,high,balanced,valuation_reversion,medium,shadow,0.0,0.2238713830466794,False,False,False,False
000536.SZ,000536,0.02,0.0,-0.0058614695008531,0.0,1.0,0.0,0.0,0.3,0.7,3.89,20260529,tushare_snapshot,0.0,,,,,,,,,,,,,,,,False,0.0,0.01974042470207203,0.20554984583761562,0.0,0.19047611905963152,hard_data_only,F,,2026-05-29,0.0,0.0625,0.3125,0.0,0.8534201954397395,0.6775244299674267,2026-05-29,0.7985833636033418,0.4884440009903788,0.19689260403416317,,,2026-03-06,0.0,0.0,,0.5,,,,,,0.4984264792633819,0.0,0.0,0.0,0.0,0.39101741038468496,0.41988509612598046,valuation,medium,high,balanced,valuation_reversion,medium,shadow,0.0,0.22024796151885703,False,False,False,False
600053.SH,600053,0.02,0.0,-0.0051033613973184,0.0,1.0,0.0,0.0,0.3,0.7,9.14,20260529,tushare_snapshot,0.0,,,,,,,,,,,,,,,,False,0.0,0.0704272190211042,0.20554984583761562,0.0,0.20247666281044302,hard_data_only,F,,2026-05-29,0.0,0.15625,0.15625,0.0,0.6086956521739131,0.8,2026-05-29,0.1236832546313113,0.09785043115207312,0.1192985644194076,,,2026-03-06,0.0,0.0,,0.5,,,,,,0.5471927422115713,0.0,0.0,0.0,0.0,0.25981857931751334,0.3999626241927848,valuation,medium,high,balanced,valuation_reversion,medium,shadow,0.0,0.21976210899194626,False,False,False,False
300355.SZ,300355,0.02,0.0,-0.0061479764075171,0.0,1.0,0.0,0.0,0.3,0.7,3.18,20260529,tushare_snapshot,0.0,,,,,,,,,,,,,,,,False,0.0,0.0005846913952381056,0.20554984583761562,0.0,0.18452761453965702,hard_data_only,F,,2026-05-29,0.75,0.125,0.125,0.9054054054054054,0.15789473684210525,0.23728813559322035,2026-05-29,0.27588085724664,0.24452476768772363,0.3711611848082864,,,2026-03-06,0.0,0.0,,0.5,1.0,0.0,0.0,1.0,1.0,0.5575593503201375,0.0,0.1,0.0,0.0,0.31542375048015014,0.42578578635213105,valuation,medium,high,balanced,valuation_reversion,medium,shadow,0.0,0.21959214542496788,False,False,False,False
300078.SZ,300078,0.02,0.0,-0.0058774564249939,0.0,1.0,0.0,0.0,0.3,0.7,3.31,20260529,tushare_snapshot,0.0,,,,,,,,,,,,,,,,False,0.0,0.018671545564729285,0.20554984583761562,0.0,0.18913746057813743,hard_data_only,F,,2026-05-29,0.0,0.0625,0.6875,0.0,0.781021897810219,0.6402877697841727,2026-05-29,0.3873955684707592,0.29447770258259554,0.32564055969471195,,,2026-03-06,0.0,0.0,,0.5,,,,,,0.5349808617959934,0.0,0.0,0.0,0.0,0.33062502881195455,0.4186142929780599,valuation,medium,high,balanced,valuation_reversion,medium,shadow,0.0,0.21938658719668463,False,False,False,False
002676.SZ,002676,0.02,0.0,-0.005520763245197,0.0,1.0,0.0,0.0,0.3,0.7,5.33,20260529,tushare_snapshot,0.0,,,,,,,,,,,,,,,,False,0.0,0.04251990407068677,0.20554984583761562,0.0,0.19421583258626213,hard_data_only,F,,2026-05-29,0.0625,0.0625,0.0625,0.5675675675675675,0.5555555555555556,0.31868131868131866,2026-05-29,0.3483472575372321,0.2967381840859647,0.42058876976194803,,,2026-03-06,0.0,0.0,,0.5,,,,,,0.512107218406431,0.0,0.0,0.0,0.0,0.3340733778689389,0.4070464583404194,valuation,medium,high,balanced,valuation_reversion,medium,shadow,0.0,0.21802693722679917,False,False,False,False
688575.SH,688575,0.02,0.0,-0.0050951009777372,0.0,1.0,0.0,0.0,0.3,0.7,10.3,20260529,tushare_snapshot,0.0,,,,,,,,,,,,,,,,False,0.0,0.07097950725855874,0.20554984583761562,0.0,0.20175423427689249,hard_data_only,F,,2026-05-29,0.0625,0.0625,0.0625,0.917910447761194,0.3867403314917127,0.23756906077348067,2026-05-29,0.30929894660370505,0.3611920146716525,0.764310376158459,,,2026-03-06,0.0,0.0,,0.5,,,,,,0.47300201801277686,0.0,0.0,0.0,0.0,0.3651397306576961,0.3963314331239257,valuation,medium,high,balanced,valuation_reversion,medium,shadow,0.0,0.21799694591168456,False,False,False,False
300269.SZ,300269,0.02,0.0,-0.0052816902265374,0.0,1.0,0.0,0.0,0.3,0.7,5.24,20260529,tushare_snapshot,0.0,,,,,,,,,,,,,,,,False,0.0,0.05850422723980932,0.20554984583761562,0.0,0.1983252684537256,hard_data_only,F,,2026-05-29,0.0,0.0625,0.0625,0.0,0.9837133550488599,0.5830618892508144,2026-05-29,0.7322920450417726,0.41836574925053266,0.062420497910230785,,,2026-03-06,0.0,0.0,,0.5,,,,,,0.48127420554515377,0.0,0.0,0.0,0.0,0.3640480230135549,0.4005708433901659,valuation,medium,high,balanced,valuation_reversion,medium,shadow,0.0,0.21777425228273897,False,False,False,False
603879.SH,603879,0.02,0.0,-0.0057437949956706,0.0,1.0,0.0,0.0,0.3,0.7,4.95,20260529,tushare_snapshot,0.0,,,,,,,,,,,,,,,,False,0.0,0.027608093459297302,0.20554984583761562,0.0,0.18708255148310832,hard_data_only,F,,2026-05-29,0.0,0.3125,0.0625,0.0,0.9176470588235294,0.7215686274509804,2026-05-29,0.5667453686887033,0.48223057789236123,0.6820825004542976,,,2026-03-06,0.0,0.0,,0.5,,,,,,0.4626817971283001,0.0,0.0,0.0,0.0,0.4027720057463214,0.4040997284605238,valuation,medium,high,balanced,valuation_reversion,medium,shadow,0.0,0.21362971365900865,False,False,False,False
605500.SH,605500,0.02,0.0,-0.0053634637844444,0.0,1.0,0.0,0.0,0.3,0.7,8.9,20260529,tushare_snapshot,0.0,,,,,,,,,,,,,,,,False,0.0,0.05303688097211725,0.20554984583761562,0.0,0.18579656007911993,hard_data_only,F,,2026-05-29,0.6875,0.125,0.0625,0.88,0.38235294117647056,0.4117647058823529,2026-05-29,0.7775154377043225,0.43587899319058476,0.032982009812829366,,,2026-03-06,0.0,0.0,,0.5,,,,,,0.43534182491894396,0.0,0.0,0.0,0.0,0.36899395056427586,0.37662924415774796,valuation,medium,high,balanced,valuation_reversion,medium,shadow,0.0,0.2043777982045989,False,False,False,False
688280.SH,688280,0.02,0.0,-0.0038062449091753,0.0,1.0,0.0,0.0,0.3,0.7,5.78,20260529,tushare_snapshot,0.0,,,,,,,,,,,,,,,,False,0.0,0.15715189105110758,0.20554984583761562,0.0,0.2113760814660539,hard_data_only,F,,2026-05-29,0.6875,0.0625,0.0625,0.9641255605381166,0.8371212121212122,0.18867924528301888,2026-05-29,0.6783508899382492,0.5766183392752321,0.8141013992367799,,,2026-03-06,0.0,0.0,,0.5,,,,,,0.3139181088442312,0.0,0.0,0.0,0.0,0.43769963188733285,0.3333660084322093,liquidity,short,low,tactical,intraday_liquidity_timing,low,shadow,0.0,0.20217321925144408,False,False,False,False
601398.SH,601398,0.0,0.0,0.0,0.0,0.0,1.0,1.0,0.3,0.7,7.22,20260529,tushare_snapshot,0.507,watch,policy_supply_chain,macro_style,825c450eed7d43f18abd235a5d7f2198,"['event_type:policy_supply_chain', 'event_strength:0.966', 'mechanism_group:macro_style', 'mechanism_fit:0.495', 'mechanism_state:0.150', 'router_allow_entry:true', 'expectation:model:market_implied_trailing_profit', 'risk_budget:0.900', 'new_position_policy:selective']","['mechanism_group:macro_style', 'mechanism_fit:0.495', 'mechanism_state:0.150', 'router_allow_entry:true']",expectation:model:market_implied_trailing_profit,['expectation:model:market_implied_trailing_profit'],"['event_type:policy_supply_chain', 'event_strength:0.966', 'mechanism_group:macro_style', 'mechanism_fit:0.495', 'mechanism_state:0.150', 'router_allow_entry:true', 'expectation:model:market_implied_trailing_profit', 'risk_budget:0.900', 'new_position_policy:selective']",earnings_soft_gate,,macro_style,0.1497,True,hold,True,0.0,0.4116358517681971,0.9748201438848921,0.9982279976373302,0.27577803453150207,hard_data_only,B,,2026-05-29,0.1875,0.1875,0.1875,0.8333333333333334,0.6428571428571429,0.9047619047619048,2026-05-29,0.0009081002542680712,0.22742113422398338,0.9076867163365437,,,2026-03-06,0.0,0.0,,0.5,,,,,,0.21201724784401946,0.0,0.0,0.0,0.0,0.3250427331643412,0.23574504273181374,liquidity,short,low,tactical,intraday_liquidity_timing,low,shadow,0.0,0.2009731268741724,False,False,False,False
002526.SZ,002526,0.02,0.0,-0.0059686387367218,0.0,1.0,0.0,0.0,0.3,0.7,3.12,20260529,tushare_snapshot,0.0,,,,,,,,,,,,,,,,False,0.0,0.012575133907160979,0.20554984583761562,0.0,0.17008177029304725,hard_data_only,F,,2026-05-29,0.6875,0.0625,0.0625,0.7941176470588235,0.18421052631578946,0.5263157894736842,2026-05-29,0.3014892844169996,0.16752272263869017,0.006814464837361439,,,2026-03-06,0.0,0.0,,0.5,,,,,,0.500249872016772,0.0,0.0,0.0,0.0,0.2796265298000898,0.3808054790574247,valuation,medium,high,balanced,valuation_reversion,medium,shadow,0.0,0.19872059446270318,False,False,False,False
600036.SH,600036,0.0,0.0,0.0,0.0,0.0,1.0,1.0,0.3,0.7,38.01,20260529,tushare_snapshot,0.5079,watch,policy_supply_chain,macro_style,825c450eed7d43f18abd235a5d7f2198,"['event_type:policy_supply_chain', 'event_strength:0.966', 'mechanism_group:macro_style', 'mechanism_fit:0.497', 'mechanism_state:0.155', 'router_allow_entry:true', 'expectation:model:market_implied_trailing_profit', 'risk_budget:0.900', 'new_position_policy:selective']","['mechanism_group:macro_style', 'mechanism_fit:0.497', 'mechanism_state:0.155', 'router_allow_entry:true']",expectation:model:market_implied_trailing_profit,['expectation:model:market_implied_trailing_profit'],"['event_type:policy_supply_chain', 'event_strength:0.966', 'mechanism_group:macro_style', 'mechanism_fit:0.497', 'mechanism_state:0.155', 'router_allow_entry:true', 'expectation:model:market_implied_trailing_profit', 'risk_budget:0.900', 'new_position_policy:selective']",earnings_soft_gate,,macro_style,0.1546,True,entry,True,0.0,0.4116358517681971,1.0,1.0,0.2712366101620752,hard_data_only,B,,2026-05-29,0.375,0.375,0.375,0.6904761904761905,0.9523809523809523,0.8095238095238095,2026-05-29,0.06683617871413004,0.27294924955571903,0.94475740505179,,,2026-03-06,0.0,0.0,,0.5,,,,,,0.18236782902137236,0.0,0.0,0.0,0.0,0.3411329590893939,0.22493384952415033,liquidity,short,low,tactical,intraday_liquidity_timing,low,shadow,0.0,0.19540029408484996,False,False,False,False
600635.SH,600635,0.02,0.0,-0.0052863391360193,0.0,1.0,0.0,0.0,0.3,0.7,5.25,20260529,tushare_snapshot,0.0,,,,,,,,,,,,,,,,False,0.0,0.05819340307420789,0.20554984583761562,0.0,0.17828674373350328,hard_data_only,F,,2026-05-29,0.6875,0.0625,0.0625,0.7948717948717948,0.4090909090909091,0.5681818181818182,2026-05-29,0.667635306937886,0.3743091771294844,0.028439033254588405,,,2026-03-06,0.0,0.0,,0.5,,,,,,0.4086685296330965,0.0,0.0,0.0,0.0,0.34853167081495506,0.3543257780879179,valuation,medium,high,balanced,valuation_reversion,medium,shadow,0.0,0.19387636871486225,False,False,False,False
688373.SH,688373,0.02,0.0,-0.0052040330967774,0.0,1.0,0.0,0.0,0.3,0.7,4.68,20260529,tushare_snapshot,0.0,,,,,,,,,,,,,,,,False,0.0,0.06369635082376647,0.20554984583761562,0.0,0.171833237774189,hard_data_only,F,,2026-05-29,0.0,0.1875,0.0625,0.0,0.9727891156462585,0.9319727891156463,2026-05-29,0.3127497275699237,0.2977165115299854,0.5028166454661094,,,2026-03-06,0.0,0.0,,0.5,,,,,,0.38001231988858536,0.0,0.0,0.0,0.0,0.3367363353434162,0.3340319798612376,valuation,medium,high,balanced,valuation_reversion,medium,shadow,0.0,0.18447772734185006,False,False,False,False
002501.SZ,002501,0.02,0.0,-0.0037469756864225,0.0,1.0,0.0,0.0,0.3,0.7,1.44,20260529,tushare_snapshot,0.0,,,,,,,,,,,,,,,,False,0.0,0.1611146067760986,0.20554984583761562,0.0,0.19294460982745065,hard_data_only,F,,2026-05-29,0.0,0.875,0.3125,0.0,1.0,1.0,2026-05-29,0.13948419905557574,0.09593310032192592,0.07686716336543703,,,2026-03-06,0.0,0.0,,0.5,,,,,,0.35,0.0,0.0,0.0,0.0,0.25797796863430794,0.28887206870835086,valuation,medium,high,balanced,valuation_reversion,medium,shadow,0.0,0.18000286454353145,False,False,False,False
002198.SZ,002198,0.02,0.0,-0.0038381727148403,0.0,1.0,0.0,0.0,0.3,0.7,3.85,20260529,tushare_snapshot,0.0,,,,,,,,,,,,,,,,False,0.0,0.155017211166729,0.20554984583761562,0.0,0.18689241362951478,hard_data_only,F,,2026-05-29,0.1875,0.1875,0.1875,0.803921568627451,0.6417910447761194,0.75,2026-05-29,0.5337813294587722,0.3749898711260027,0.32564055969471195,,,2026-03-06,0.0,0.0,,0.5,,,,,,0.2692958608993015,0.0,0.0,0.0,0.0,0.3572136145228515,0.27940258333183543,liquidity,short,low,tactical,intraday_liquidity_timing,low,shadow,0.0,0.17394472156471097,False,False,False,False
300411.SZ,300411,0.02,0.0,-0.0044985433943115,0.0,1.0,0.0,0.0,0.3,0.7,8.03,20260529,tushare_snapshot,0.0,,,,,,,,,,,,,,,,False,0.0,0.110865100605436,0.20554984583761562,0.0,0.16767234746889126,hard_data_only,F,,2026-05-29,0.6875,0.0625,0.6875,0.9861111111111112,0.44405594405594406,0.7638888888888888,2026-05-29,0.535779150018162,0.3615057176817137,0.2673087406868981,,,2026-03-06,0.0,0.0,,0.5,,,,,,0.27055373541594013,0.0,0.0,0.0,0.0,0.35110067946739065,0.2779063364411871,liquidity,short,low,tactical,intraday_liquidity_timing,low,shadow,0.0,0.1646512168335466,False,False,False,False
300180.SZ,300180,0.02,0.0,-0.0047521971969364,0.0,1.0,0.0,0.0,0.3,0.7,4.91,20260529,tushare_snapshot,0.0,,,,,,,,,,,,,,,,False,0.0,0.09390591224965526,0.20554984583761562,0.0,0.1610930697264501,hard_data_only,F,,2026-05-29,0.6875,0.0625,0.0625,1.0,0.42424242424242425,0.6666666666666666,2026-05-29,0.41627315655648384,0.2463952660897114,0.06978011993458114,,,2026-03-06,0.0,0.0,,0.5,,,,,,0.30190885230255304,0.0,0.0,0.0,0.0,0.30746538768113846,0.27975649685463955,liquidity,short,low,tactical,intraday_liquidity_timing,low,shadow,0.0,0.16233145589332573,False,False,False,False
603878.SH,603878,0.02,0.0,-0.0058514034193795,0.0,1.0,0.0,0.0,0.3,0.7,6.54,20260529,tushare_snapshot,0.0,,,,,,,,,,,,,,,,False,0.0,0.020413438746997917,0.20554984583761562,0.0,0.1373295864969328,hard_data_only,F,,2026-05-29,0.6875,0.0625,0.0625,0.8823529411764706,0.4782608695652174,0.8260869565217391,2026-05-29,0.5238830366872502,0.4485027426838935,0.6414682900236235,,,2026-03-06,0.0,0.0,,0.5,,,,,,0.2761644883903578,0.0,0.0,0.0,0.0,0.3904779063094239,0.29522415976999294,liquidity,short,low,tactical,intraday_liquidity_timing,low,shadow,0.0,0.15611904335490195,False,False,False,False
002564.SZ,002564,0.02,0.0,-0.005552364215967,0.0,1.0,0.0,0.0,0.3,0.7,5.16,20260529,tushare_snapshot,0.0,,,,,,,,,,,,,,,,False,0.0,0.040407076232239256,0.20554984583761562,0.0,0.14135679062471973,hard_data_only,F,,2026-05-29,0.6875,0.0625,0.0625,0.8181818181818182,1.0,0.3076923076923077,2026-05-29,0.3668725027243008,0.3784335199655652,0.7066145738687989,,,2026-03-06,0.0,0.0,,0.5,,,,,,0.2721463575794284,0.0,0.0,0.0,0.0,0.36919182992572763,0.28531101901774186,liquidity,short,low,tactical,intraday_liquidity_timing,low,shadow,0.0,0.1548682985751201,False,False,False,False
300275.SZ,300275,0.02,0.0,-0.00578689444587,0.0,1.0,0.0,0.0,0.3,0.7,9.63,20260529,tushare_snapshot,0.0,,,,,,,,,,,,,,,,False,0.0,0.024726482040906283,0.20554984583761562,0.0,0.13353517103667376,hard_data_only,F,,2026-05-29,0.6875,0.0625,0.0625,0.8235294117647058,0.631578947368421,0.8947368421052632,2026-05-29,0.8690519433345442,0.5998212001260218,0.48737052516809015,,,2026-03-06,0.0,0.0,,0.5,,,,,,0.22241534823626924,0.0,0.0,0.0,0.0,0.4360647812674281,0.2815359162685849,liquidity,short,low,tactical,intraday_liquidity_timing,low,shadow,0.0,0.14989568410566137,False,False,False,False
300774.SZ,300774,0.02,0.0,-0.0057220915729839,0.0,1.0,0.0,0.0,0.3,0.7,13.09,20260529,tushare_snapshot,0.0,,,,,,,,,,,,,,,,False,0.0,0.02905917532560452,0.20554984583761562,0.0,0.13281163642970825,hard_data_only,F,,2026-05-29,0.6875,0.0625,0.0625,0.8243243243243243,0.7456140350877193,0.6864406779661016,2026-05-29,0.8258263712313839,0.4817803718857838,0.11030347083409049,,,2026-03-06,0.0,0.0,,0.5,,,,,,0.2449597164718998,0.0,0.0,0.0,0.0,0.386352817748115,0.27626445561358526,liquidity,short,low,tactical,intraday_liquidity_timing,low,shadow,0.0,0.14801470664945543,False,False,False,False
301338.SZ,301338,0.02,0.0,-0.0061376721221874,0.0,1.0,0.0,0.0,0.3,0.7,248.92,20260529,tushare_snapshot,0.0,,,,,,,,,,,,,,,,False,0.0,0.0012736316514837893,0.20554984583761562,0.0,0.11688504112050951,hard_data_only,F,,2026-05-29,0.75,1.0,1.0,0.6944444444444444,0.9370629370629371,0.9340277777777778,2026-05-29,0.9742099527787867,0.7674618487330392,0.9265854988188261,,,2026-03-06,0.0,0.0,,0.5,,,,,,0.1488420030865897,0.0,0.0,0.0,0.0,0.5039252192881549,0.264764600672226,liquidity,short,low,tactical,intraday_liquidity_timing,low,shadow,0.0,0.1367237272500923,False,False,False,False
002178.SZ,002178,0.02,0.0,-0.0050636969272885,0.0,1.0,0.0,0.0,0.3,0.7,5.72,20260529,tushare_snapshot,0.0,,,,,,,,,,,,,,,,False,0.0,0.07307916908575214,0.20554984583761562,0.0,0.1310603612127083,hard_data_only,F,,2026-05-29,0.16666666666666666,0.0625,0.6875,0.948905109489051,0.8540145985401459,0.658273381294964,2026-05-29,0.7437341082455503,0.4321320804509168,0.0923132836634563,,,2026-03-06,0.0,0.0,,0.5,,,,,,0.1718997019178726,0.0,0.0,0.0,0.0,0.3694448858525186,0.22926399198091535,liquidity,short,low,tactical,intraday_liquidity_timing,low,shadow,0.0,0.13228416903094373,False,False,False,False
300942.SZ,300942,0.02,0.0,-0.0053623726869614,0.0,1.0,0.0,0.0,0.3,0.7,6.7,20260529,tushare_snapshot,0.0,,,,,,,,,,,,,,,,False,0.0,0.05310983129865376,0.20554984583761562,0.0,0.11204627915866965,hard_data_only,F,,2026-05-29,0.6875,0.0625,0.0625,0.9850746268656716,0.6519337016574586,0.7955801104972375,2026-05-29,0.143116600072648,0.14142992142647287,0.2508631655460658,,,2026-03-06,0.0,0.0,,0.5,,,,,,0.1886144926821065,0.0,0.0,0.0,0.0,0.2779541985595594,0.20568762738342103,liquidity,short,low,tactical,intraday_liquidity_timing,low,shadow,0.0,0.11627680900090154,False,False,False,False
002427.SZ,002427,0.02,0.0,-0.0047846016640392,0.0,1.0,0.0,0.0,0.3,0.7,4.63,20260529,tushare_snapshot,0.0,,,,,,,,,,,,,,,,False,0.0,0.09173936297864846,0.20554984583761562,0.0,0.11938922564983862,hard_data_only,F,,2026-05-29,0.6875,0.0625,0.0625,0.9310344827586207,0.9696969696969697,0.6363636363636364,2026-05-29,0.18416273156556484,0.1720236473728724,0.282936580047247,,,2026-03-06,0.0,0.0,,0.5,,,,,,0.14426439249952688,0.0,0.0,0.0,0.0,0.2889702437432488,0.18481734754730464,liquidity,short,low,tactical,intraday_liquidity_timing,low,shadow,0.0,0.11297509939455194,False,False,False,False
002769.SZ,002769,0.02,0.0,-0.0052291149073328,0.0,1.0,0.0,0.0,0.3,0.7,7.74,20260529,tushare_snapshot,0.0,,,,,,,,,,,,,,,,False,0.0,0.06201939134154624,0.20554984583761562,0.0,0.10252921167952933,hard_data_only,F,,2026-05-29,0.16666666666666666,0.0625,0.6875,0.9705882352941176,0.7391304347826086,1.0,2026-05-29,0.48056665455866326,0.29631692986007235,0.12802107941123023,,,2026-03-06,0.0,0.0,,0.5,,,,,,0.1015984654731458,0.0,0.0,0.0,0.0,0.3256089725157807,0.17411437077064268,liquidity,short,low,tactical,intraday_liquidity_timing,low,shadow,0.0,0.10172150272678195,False,False,False,False
002629.SZ,002629,0.02,0.0,-0.0052306311129126,0.0,1.0,0.0,0.0,0.3,0.7,5.21,20260529,tushare_snapshot,0.0,,,,,,,,,,,,,,,,False,0.0,0.06191801846344303,0.20554984583761562,0.0,0.09540598706388234,hard_data_only,F,,2026-05-29,0.0625,0.0625,0.0625,1.0,0.9523809523809523,0.9523809523809523,2026-05-29,0.8674173628768616,0.48964087976581017,0.05024532073414501,,,2026-03-06,0.0,0.0,,0.5,,,,,,0.031008623922009766,0.0,0.0,0.0,0.0,0.3872396847997121,0.15677111592422183,liquidity,short,low,tactical,intraday_liquidity_timing,low,shadow,0.0,0.09276202897980353,False,False,False,False
